what's,7.718190778359795
housing,4.102133437866192
differentiation,8.806326867060346
âmake,4.403163433530173
storing,4.102133437866192
quadratic,4.403163433530173
web,32.965206696323364
knock,8.204266875732383
$,21.976804464215576
brands,88.90064230065971
differentiator,8.454144348948985
applicants,18.314003720179645
server,18.314003720179645
who's,8.806326867060346
owner,3.7041934291941545
outstanding,14.651202976143717
accurately,3.7041934291941545
important,18.314003720179645
agencies/brands,4.403163433530173
cart,12.681216523423476
voice,3.7499509197548297
offers,18.314003720179645
familiarity,40.29080818439522
includes,32.965206696323364
onsite,11.112580287582464
make,80.58161636879043
interpreting,14.816773716776618
expert,54.94201116053894
basis,40.29080818439522
though,7.6022068844044215
capability,3.7041934291941545
myriad,4.227072174474492
test,40.29080818439522
employ,3.7041934291941545
economics,18.314003720179645
straightforward,4.102133437866192
lives,10.988402232107788
collaboratively,18.520967145970772
business/company,4.403163433530173
hearing,3.9260421788105107
merchants,4.102133437866192
telephone,3.8011034422022107
k*,4.403163433530173
futurejobspring,4.403163433530173
requirementscompany,4.227072174474492
childbirth,3.7041934291941545
nimble,7.6022068844044215
python/spss/sas/r,4.403163433530173
language,10.988402232107788
handling,7.408386858388309
#indcompany,4.403163433530173
shared,14.651202976143717
courageous,8.204266875732383
different,47.61640967246708
face,11.577286167539693
thrown,8.806326867060346
omnicom,30.822144034711208
iidc,4.403163433530173
cloudenabled,4.403163433530173
continuously,21.976804464215576
allow,15.204413768808843
structured,10.988402232107788
studio,7.325601488071858
prepare,18.520967145970772
consistently,3.7041934291941545
easytounderstand,4.102133437866192
inception,3.8590953891798976
seek,21.976804464215576
skyscraper,4.403163433530173
plans,14.651202976143717
several,3.7499509197548297
methods*,8.806326867060346
trusted,3.662800744035929
benefitapplicants,4.403163433530173
submitted,7.408386858388309
venky@infotreeglobalcom,8.806326867060346
tens,4.227072174474492
strategically,7.6022068844044215
makers,7.4999018395096595
nature,7.408386858388309
joining,7.325601488071858
headcount,4.102133437866192
administration,7.408386858388309
nre,4.403163433530173
thrives,3.8590953891798976
airflow,7.6022068844044215
authentic,3.9260421788105107
differentiating,8.806326867060346
develop,168.48883422565274
timely,7.325601488071858
gets,3.8590953891798976
highly,47.61640967246708
full,21.976804464215576
facing*,8.806326867060346
basics,4.005223424858136
communicate,65.93041339264673
subscriptions,4.102133437866192
integration,7.325601488071858
dependant,4.403163433530173
representations,3.9260421788105107
table,7.4999018395096595
chispa,8.806326867060346
following,29.302405952287433
servicing,3.8590953891798976
encompasses,4.102133437866192
casualty,3.9260421788105107
dimensional,3.8590953891798976
python*,8.454144348948985
forging,4.227072174474492
word,11.112580287582464
alone,11.577286167539693
creative,43.95360892843115
disparate,7.325601488071858
bpm,4.227072174474492
constantly,14.816773716776618
dynamic,21.976804464215576
sr,3.662800744035929
zero,8.454144348948985
datawarehouse,7.852084357621021
creatives,4.227072174474492
stakeholders,87.9072178568623
production,18.520967145970772
maternity/paternity,4.227072174474492
costs,3.7041934291941545
onboarding,3.7041934291941545
nosql,3.7499509197548297
held,7.718190778359795
due,10.988402232107788
highlyvalued,4.403163433530173
billing,11.403310326606633
depth,3.7041934291941545
customerrequired,4.403163433530173
los,3.7041934291941545
a+e,4.403163433530173
festival,4.403163433530173
affirmative,3.662800744035929
sap,3.7499509197548297
/oracle/,4.403163433530173
alert,7.852084357621021
dependencies,3.8590953891798976
responsibilities,117.20962380914973
insatiable,4.227072174474492
vison,8.010446849716272
marketing,230.75644687426353
marital,25.639605208251503
francisco,14.816773716776618
talented,3.662800744035929
hot,4.005223424858136
division,14.999803679019319
value,29.302405952287433
flow,11.112580287582464
nowdentsu,4.403163433530173
people,69.59321413668265
gym,7.718190778359795
status,91.57001860089822
distill,3.8011034422022107
care,40.29080818439522
resultsundertone,4.403163433530173
vacation,14.651202976143717
customer,91.57001860089822
shanghai,8.806326867060346
continuing,3.662800744035929
center,40.29080818439522
familiar,11.112580287582464
adwords,4.102133437866192
shortterm,3.8011034422022107
defined,10.988402232107788
testing,76.91881562475452
takes,3.8011034422022107
aidriven,8.806326867060346
reopened,4.005223424858136
convey,3.7499509197548297
cuttingedge,11.403310326606633
experts,14.651202976143717
quinstreet's,8.806326867060346
ssas,3.8011034422022107
tuning,3.7499509197548297
charter,4.005223424858136
veteran,32.965206696323364
print,12.015670274574408
array,3.7041934291941545
destination,3.9260421788105107
iot,24.031340549148815
ã,3.9260421788105107
saas,7.4999018395096595
two,14.651202976143717
validity,3.7499509197548297
unprecedented,3.8590953891798976
coupled,3.8011034422022107
pride,3.662800744035929
year,32.965206696323364
broadcaster,4.403163433530173
construed,4.005223424858136
space,3.7499509197548297
iterative,3.7499509197548297
authorized,15.204413768808843
sizmek,4.403163433530173
enrichment,3.8590953891798976
preferably,14.651202976143717
willing,3.662800744035929
delivers,3.662800744035929
retreats,4.403163433530173
pricing,3.662800744035929
boston,4.102133437866192
veterans,3.7041934291941545
master's,3.662800744035929
larger,7.718190778359795
excellence,10.988402232107788
targets,3.7041934291941545
audiences,25.639605208251503
old,3.9260421788105107
san,25.639605208251503
chemicals,4.102133437866192
spanning,3.8590953891798976
spectrum,3.7499509197548297
tx,7.325601488071858
behavior/changes,4.403163433530173
mapreduce,3.9260421788105107
category,7.408386858388309
unusual,4.102133437866192
patching,8.454144348948985
stock,3.7041934291941545
tough,7.718190778359795
wednesdays,4.227072174474492
categories,3.7041934291941545
let's,12.306400313598575
contributor,3.7041934291941545
directly,29.302405952287433
create,109.88402232107788
optionsjob,4.227072174474492
wellrespected,8.454144348948985
wide,29.302405952287433
ancestry,14.651202976143717
procedure,3.662800744035929
developer,7.325601488071858
goal,7.325601488071858
applying,29.302405952287433
comprehensive,14.651202976143717
iccp,4.403163433530173
magic,4.227072174474492
personalized,3.7499509197548297
walking,3.8590953891798976
duration,22.806620653213265
orientation,40.29080818439522
omnichannel,3.9260421788105107
committees',4.403163433530173
blink,4.403163433530173
electronics,3.8011034422022107
proactively,7.325601488071858
perceptions,8.010446849716272
snowflakewhat,4.403163433530173
sustain,3.8011034422022107
road,4.005223424858136
headquarters,3.8011034422022107
martin,4.403163433530173
yearly,7.852084357621021
laws,3.662800744035929
newspapers,4.403163433530173
quo,3.8590953891798976
alerts,7.408386858388309
intrinsically,8.454144348948985
min,4.005223424858136
invest,3.7499509197548297
lifecycle,10.988402232107788
call,14.651202976143717
pivot,14.816773716776618
prospect,3.8011034422022107
able,91.57001860089822
aggregates,4.102133437866192
highquality,3.662800744035929
listening,3.7499509197548297
play,10.988402232107788
metrics,62.26761264861079
strategists,4.227072174474492
massive,3.8590953891798976
optimizing,18.314003720179645
cloudbased,15.43638155671959
sponsorship,22.225160575164928
factors,3.7041934291941545
improvements,14.651202976143717
moving,3.7041934291941545
cv,4.005223424858136
inside,11.403310326606633
attention,18.314003720179645
domo,3.9260421788105107
involves,3.7499509197548297
standard,18.314003720179645
stores,3.8590953891798976
implied,4.403163433530173
experiencewhat,4.403163433530173
initiative,25.639605208251503
media*,4.403163433530173
hellofresh,4.403163433530173
extracting,7.4999018395096595
ny,7.408386858388309
organizations,3.662800744035929
apiã¢s,4.403163433530173
crossfunctionally,7.4999018395096595
via,18.314003720179645
views,25.639605208251503
smallest,4.403163433530173
breakdowndaily,4.403163433530173
networksour,4.403163433530173
video,11.249852759264488
design,131.86082678529345
rate,3.7499509197548297
friday,3.662800744035929
operate,10.988402232107788
ranging,3.8011034422022107
cleansing,7.408386858388309
quinstreet,8.806326867060346
sources*,4.005223424858136
hearst,13.209490300590518
capabilities,29.302405952287433
stations,4.403163433530173
useful,11.112580287582464
centers,3.7499509197548297
specifically,10.988402232107788
consistent,18.314003720179645
forming,4.227072174474492
least,29.302405952287433
wanamakerâs,4.403163433530173
wwwfleishmanhillardcom,4.403163433530173
countries,14.816773716776618
meaningful,43.95360892843115
white,3.8590953891798976
come,21.976804464215576
transformation,3.662800744035929
eye,7.408386858388309
flex,8.010446849716272
decisive,4.102133437866192
mission,54.94201116053894
energize,4.403163433530173
etc,65.93041339264673
clear,25.639605208251503
thoughtful,11.403310326606633
donations,4.403163433530173
measurement,25.639605208251503
lifetime,12.015670274574408
decisions,32.965206696323364
leverages,3.9260421788105107
algorithms,36.62800744035929
life,18.314003720179645
bring,14.651202976143717
mediamath,22.015817167650866
annual,14.816773716776618
digital,131.86082678529345
eligibility,3.7041934291941545
currently,29.302405952287433
metering,8.454144348948985
automates,4.102133437866192
higher,10.988402232107788
commitment,7.325601488071858
disciplines,14.651202976143717
pension,7.718190778359795
emmys,4.403163433530173
wellregarded,4.227072174474492
findings,51.279210416503005
dmp,4.403163433530173
commuter,7.718190778359795
stem,3.9260421788105107
consolidation,3.7499509197548297
alignment,3.7499509197548297
*note,4.403163433530173
guidance,3.662800744035929
months,22.225160575164928
variety,47.61640967246708
extraordinarily,8.806326867060346
fluency,11.249852759264488
bolstering,4.403163433530173
willingness,21.976804464215576
person,25.639605208251503
everyday,3.9260421788105107
youâve,3.9260421788105107
kpidriven,4.403163433530173
expect,3.7041934291941545
character,4.227072174474492
channelcovid,4.403163433530173
programmer,3.8590953891798976
simple,25.639605208251503
outside,21.976804464215576
â¢,385.2361166361921
economic,3.7041934291941545
intelligently,8.454144348948985
provided,10.988402232107788
specialist,3.7041934291941545
perk,4.102133437866192
water,7.852084357621021
streamline,7.408386858388309
reusable,4.227072174474492
nothing,8.010446849716272
please,29.302405952287433
connect,14.999803679019319
visas,3.8011034422022107
defining,7.325601488071858
cutting,11.403310326606633
ngos,4.403163433530173
within,113.5468230651138
expectations,3.662800744035929
land,4.005223424858136
facebook,3.7041934291941545
local,25.639605208251503
third,18.314003720179645
functions,40.29080818439522
hubs,8.454144348948985
warehouse,7.325601488071858
preliminary,3.8590953891798976
pleasei'm,4.403163433530173
mindset,11.112580287582464
sharing,3.662800744035929
created,3.662800744035929
bi/google,8.806326867060346
understood,3.7041934291941545
sees,4.005223424858136
databricks,8.204266875732383
experiencedesired,4.403163433530173
analysing,4.005223424858136
property,3.8590953891798976
heart,11.112580287582464
equipped,4.403163433530173
analytically,3.7499509197548297
collaborate,32.965206696323364
discuss,3.7499509197548297
traceability,3.8590953891798976
like,73.25601488071858
get,25.639605208251503
hit,7.718190778359795
petowners,17.61265373412069
monthly,21.976804464215576
realworld,3.7499509197548297
million,7.4999018395096595
spend,11.249852759264488
judgement,3.9260421788105107
link,3.662800744035929
fully,40.29080818439522
modeling,51.279210416503005
relaxed,8.204266875732383
sounds,3.7499509197548297
read,3.8011034422022107
aws/s,4.403163433530173
youll,3.8011034422022107
final,3.662800744035929
respond,3.662800744035929
harness,8.204266875732383
information,109.88402232107788
process,76.91881562475452
correspond,4.227072174474492
someone,10.988402232107788
pay,18.314003720179645
assistant,26.249656438283807
behalf,3.8011034422022107
restless,4.403163433530173
fun,18.520967145970772
happy,7.4999018395096595
elimination,4.227072174474492
robust,11.249852759264488
communicator,18.520967145970772
individual,18.314003720179645
hierarchy,3.9260421788105107
estimations,4.403163433530173
surface,10.988402232107788
separate,8.010446849716272
scorecard,3.8590953891798976
extracts,3.8590953891798976
available,18.314003720179645
contract,32.965206696323364
stop,4.005223424858136
techniques,69.59321413668265
degree/advanced,4.403163433530173
mental,3.662800744035929
respect,7.325601488071858
dogs,4.227072174474492
implications,7.718190778359795
cto,8.204266875732383
drinks,4.005223424858136
motivation,7.852084357621021
knowledge,197.79124017794018
campaigns,29.302405952287433
determination,7.718190778359795
email,43.95360892843115
foresightâs,4.403163433530173
plus,84.24441711282637
producing,3.7499509197548297
salaries,4.005223424858136
eliciting,4.102133437866192
multivariate,3.7499509197548297
ground,3.7041934291941545
segmentbysegment,8.806326867060346
recognizing,4.227072174474492
ensuring,10.988402232107788
triggers,11.778126536431532
selfstarter,18.314003720179645
measures,3.662800744035929
git,3.8590953891798976
affinity,4.403163433530173
electric,4.005223424858136
mathematical,11.112580287582464
exercise,3.8011034422022107
intermediate,7.325601488071858
manage,54.94201116053894
persistently,4.227072174474492
learns,4.102133437866192
establishing,7.325601488071858
interdependencies,4.102133437866192
direction,3.662800744035929
tactics,3.8590953891798976
skills,362.617273659557
tingly,4.403163433530173
fl,3.9260421788105107
others,3.662800744035929
yet,15.43638155671959
traffic,23.154572335079386
pets,42.270721744744925
limited,25.639605208251503
premium,7.718190778359795
wait,8.204266875732383
proven,25.639605208251503
snacks,19.005517211011053
home,32.965206696323364
https//hubsly/hnmhdtjob,4.403163433530173
promax,4.403163433530173
statement,7.325601488071858
covidjob,4.005223424858136
artificial,7.408386858388309
retain,7.852084357621021
cause,3.662800744035929
english,7.325601488071858
proper,7.408386858388309
mentor,3.7041934291941545
set,36.62800744035929
say,7.6022068844044215
foundational,11.577286167539693
nuance,8.454144348948985
reporting,186.80283794583238
market/customer,4.403163433530173
resolved,3.8590953891798976
leave,7.408386858388309
actually,4.005223424858136
btg,4.403163433530173
succeed,3.662800744035929
supporting,29.302405952287433
successfully,7.325601488071858
finance,21.976804464215576
allowing,8.010446849716272
learning,65.93041339264673
ec*,4.403163433530173
projectâs,4.403163433530173
qc,4.005223424858136
advertising,46.30914467015877
describe,3.7041934291941545
sick,7.6022068844044215
behaviors,11.403310326606633
humans,8.204266875732383
global,54.94201116053894
linkedin,3.7041934291941545
utilizing,7.325601488071858
lawa,4.403163433530173
schema,3.8011034422022107
using,131.86082678529345
structure,21.976804464215576
job,95.23281934493416
layout,4.005223424858136
foster,7.325601488071858
countless,8.204266875732383
interfacing,3.8011034422022107
gathering,21.976804464215576
online/offline/search/social,4.403163433530173
qualities,3.8011034422022107
simultaneously,3.7499509197548297
hana,4.102133437866192
inc,18.314003720179645
regulations,3.662800744035929
delivery,10.988402232107788
quality,51.279210416503005
seasoned,8.010446849716272
ideally,10.988402232107788
show,3.7499509197548297
trivia,4.403163433530173
pushnami,35.22530746824138
roi*,4.403163433530173
previous,3.662800744035929
description,106.22122157704194
ideal,25.639605208251503
problem,43.95360892843115
thinks,7.852084357621021
principles,18.314003720179645
hypothesis,11.778126536431532
measurability,8.806326867060346
sachins@infotreeglobalcom,8.806326867060346
affairs,8.010446849716272
identify,73.25601488071858
exact,4.102133437866192
contributing,7.408386858388309
parties,10.988402232107788
explore,14.651202976143717
qualifications,65.93041339264673
lists,7.4999018395096595
exercises,3.8011034422022107
ecommerce/affiliate,4.403163433530173
haves,7.718190778359795
manipulating,3.7041934291941545
multitasking,11.249852759264488
account,32.965206696323364
yes,3.8011034422022107
bs,18.520967145970772
warehousing,3.662800744035929
output,7.408386858388309
scrum,3.8011034422022107
sql,197.79124017794018
comfort,3.8011034422022107
easily,7.325601488071858
consumption,11.403310326606633
summarizing,15.204413768808843
problemsolver,8.010446849716272
checks,3.8011034422022107
post,3.7499509197548297
doeyou,8.806326867060346
handle,3.662800744035929
figures,3.9260421788105107
ft,3.9260421788105107
demanding,3.662800744035929
employer,25.639605208251503
relentless,3.7499509197548297
managers,14.651202976143717
participated,4.227072174474492
smartwebs,4.403163433530173
anchored,4.403163433530173
proposition,4.005223424858136
provocative,8.806326867060346
responses,7.4999018395096595
methodology,7.325601488071858
programmatic,8.204266875732383
masterâs,7.325601488071858
align,11.112580287582464
capable,3.7041934291941545
customersã¢,4.403163433530173
interest,14.651202976143717
concentration,3.8590953891798976
evolution,3.8590953891798976
rapid,7.4999018395096595
documentum,4.403163433530173
progressively,3.8590953891798976
productive,3.7499509197548297
existence,4.227072174474492
sachin,4.102133437866192
implementations,7.6022068844044215
departmental,3.8011034422022107
security,3.662800744035929
branding,16.408533751464766
salary*,4.403163433530173
uncover,3.7041934291941545
controls,3.662800744035929
diagnostics,8.010446849716272
educational,7.4999018395096595
sop,4.005223424858136
udms,17.61265373412069
minimum,32.965206696323364
states,21.976804464215576
eight,3.9260421788105107
return,3.7041934291941545
science,139.1864282733653
millions,11.112580287582464
opens,8.454144348948985
leaders,10.988402232107788
exploration,3.7041934291941545
teammates,7.408386858388309
manipulation,14.651202976143717
reasoning,3.8590953891798976
challenge,7.325601488071858
simplifying,3.8590953891798976
clients*,4.005223424858136
timelines,7.408386858388309
never,3.8011034422022107
collective,11.778126536431532
intuit,4.227072174474492
grown,3.8011034422022107
analyzes,3.7041934291941545
archival,4.403163433530173
union,7.718190778359795
metadata,10.988402232107788
pleasea,4.403163433530173
standards,14.651202976143717
coordinating,3.662800744035929
insightsdriven,4.403163433530173
device,14.999803679019319
vital,7.4999018395096595
yearstm,4.403163433530173
suburbs,4.227072174474492
doesnât,3.9260421788105107
fresh,11.577286167539693
clientspecific,4.227072174474492
acumen,7.325601488071858
purchase,7.4999018395096595
treatments,8.204266875732383
expand,7.6022068844044215
resumes,7.408386858388309
scenario,3.8590953891798976
patterns,14.651202976143717
sisense,4.102133437866192
volumes,3.7041934291941545
written,69.59321413668265
deductive,4.227072174474492
complicated,11.403310326606633
pig,7.718190778359795
recommend,22.225160575164928
solutionsquinstreet,4.403163433530173
shines,8.806326867060346
interests,3.7499509197548297
visualizations,47.61640967246708
long,7.325601488071858
requires,10.988402232107788
channels,36.62800744035929
real,14.651202976143717
fastpaced,47.61640967246708
excellent,84.24441711282637
statements,7.408386858388309
ansi,8.454144348948985
empowering,3.8590953891798976
geospatial,3.9260421788105107
taken,3.9260421788105107
espn,4.227072174474492
singleparentmeet,4.403163433530173
existing,43.95360892843115
implemented,3.662800744035929
target,32.965206696323364
empower,3.7041934291941545
motion,12.306400313598575
mix,3.7041934291941545
groundbreaking,3.9260421788105107
extract,18.314003720179645
likeminded,4.227072174474492
crossgeo,4.403163433530173
segment,7.408386858388309
tagging,4.005223424858136
requirements,197.79124017794018
prototypes,3.8590953891798976
approach,43.95360892843115
blending,3.8011034422022107
span,3.8590953891798976
qa,40.7461277211357
going,7.4999018395096595
approval,3.7041934291941545
businessresponsibilities*,4.227072174474492
issue,10.988402232107788
financial,32.965206696323364
moment,8.204266875732383
cases,21.976804464215576
personal,10.988402232107788
pricing*,4.403163433530173
card,3.7041934291941545
options,3.662800744035929
meditation,4.227072174474492
marketers,3.8590953891798976
recruitment's,4.403163433530173
identity/transgender,4.403163433530173
urban,3.9260421788105107
presort,8.806326867060346
openend,4.403163433530173
unlocks,8.806326867060346
studio/etc,8.806326867060346
friendly,3.7499509197548297
associate,3.7041934291941545
resolution,14.651202976143717
https//wwwlinkedincom/in/sachinsondhiya/,4.403163433530173
datarelationships,4.403163433530173
payroll,3.8011034422022107
changes,10.988402232107788
pioneered,8.806326867060346
panoramic,4.403163433530173
analyst/data,3.9260421788105107
concise,18.520967145970772
x,7.718190778359795
compensation,10.988402232107788
visualization,51.279210416503005
central,3.662800744035929
typically,3.7499509197548297
distinguishes,4.403163433530173
linear,3.9260421788105107
business,542.0945101173176
site,7.325601488071858
reopen,4.005223424858136
majority,3.9260421788105107
interpersonal,3.662800744035929
conducting,10.988402232107788
accounting,3.662800744035929
trends/forecasting,4.403163433530173
innovate,3.7041934291941545
macros,3.7499509197548297
nextgeneration,3.8590953891798976
days,7.325601488071858
demand,7.325601488071858
group,73.25601488071858
activity,10.988402232107788
investigative,3.8011034422022107
cycle,7.325601488071858
insurance*,4.227072174474492
mi,4.005223424858136
relationships,47.61640967246708
behaviour,4.227072174474492
centralized,3.8011034422022107
attribution,3.8011034422022107
aggregate,11.112580287582464
crunching,4.227072174474492
methodical,3.8590953891798976
build,91.57001860089822
analyticsbased,4.403163433530173
obtain,7.408386858388309
nice,3.8011034422022107
enabling,7.325601488071858
regard,10.988402232107788
total,3.662800744035929
society,7.852084357621021
kegerator,4.403163433530173
learnings,3.8590953891798976
ask,11.112580287582464
toolsets,3.9260421788105107
platform,65.93041339264673
unhealthy,4.403163433530173
cc,4.005223424858136
variable,7.852084357621021
anayst,4.227072174474492
<b>design,4.403163433530173
max/min,4.403163433530173
nutrition,4.102133437866192
researching,3.7041934291941545
temporarily,4.005223424858136
sense,7.325601488071858
boundlessly,8.806326867060346
solve,62.26761264861079
modeling/query,4.403163433530173
individual/business,4.403163433530173
immediate,11.112580287582464
supply,3.7041934291941545
complete,18.314003720179645
inventory,14.816773716776618
actuarial,7.718190778359795
location,36.62800744035929
adapt,25.639605208251503
analytics,230.75644687426353
integrate,7.408386858388309
digging,7.6022068844044215
adhoc,25.639605208251503
excited,3.7499509197548297
identification,7.408386858388309
interim,3.9260421788105107
charts,7.325601488071858
seems,4.227072174474492
sincere,4.227072174474492
metricsskills,4.403163433530173
meaningan,4.403163433530173
compliance,25.639605208251503
signal,4.102133437866192
â,43.95360892843115
tasks,25.639605208251503
tableau,80.58161636879043
acquire,7.4999018395096595
empathetic,8.010446849716272
received,7.718190778359795
future,43.95360892843115
promotional,4.227072174474492
broader,3.662800744035929
twothirds,4.403163433530173
take,47.61640967246708
creativeâ,4.403163433530173
preferable,3.8011034422022107
end,25.639605208251503
region,7.852084357621021
fsa,3.8011034422022107
advantage,10.988402232107788
things,18.520967145970772
equal,47.61640967246708
hungry,8.010446849716272
material,10.988402232107788
ann,4.403163433530173
cant,4.227072174474492
general,7.325601488071858
eager,11.577286167539693
preferred,135.5236275293294
solutionsrespond,4.403163433530173
pioneer,12.015670274574408
discounts,7.6022068844044215
efficiently,11.112580287582464
difference,3.7499509197548297
industries,7.4999018395096595
assigned,14.651202976143717
optimistic,8.806326867060346
pattern,12.015670274574408
operates,3.8590953891798976
petfriendly,4.403163433530173
âperson,4.403163433530173
datarelated,3.7499509197548297
legal,3.662800744035929
give,11.112580287582464
widen,4.403163433530173
activities,21.976804464215576
bsee,4.403163433530173
computing,10.988402232107788
submit,7.325601488071858
continuous,21.976804464215576
grafana/tableau/power,8.806326867060346
provider,3.662800744035929
powering,12.015670274574408
university,7.408386858388309
platforms,21.976804464215576
student,3.8590953891798976
playbook,8.806326867060346
holidays,7.325601488071858
normalization,3.8011034422022107
entrepreneurs,15.704168715242043
mob,4.227072174474492
/year,4.403163433530173
setup,7.718190778359795
desire,29.302405952287433
indexing,8.204266875732383
emotion,4.403163433530173
automate,7.325601488071858
performed,11.112580287582464
summary,7.325601488071858
optimization,54.94201116053894
python,87.9072178568623
performing,10.988402232107788
redshift,7.408386858388309
fashion,11.577286167539693
manu,4.403163433530173
ambiguous,3.7499509197548297
interrogate,8.204266875732383
easy,3.662800744035929
queries/stored,4.403163433530173
clientmatch,4.403163433530173
fluent,7.6022068844044215
pave,4.403163433530173
political,3.8011034422022107
validate,3.662800744035929
according,32.965206696323364
timeline,3.9260421788105107
workload,3.7499509197548297
worldâs,7.325601488071858
files,7.408386858388309
player,21.976804464215576
salesforce/qlikview,4.403163433530173
popular,15.704168715242043
thoughtleadership,4.403163433530173
requests,36.62800744035929
north,14.999803679019319
exceed,3.9260421788105107
underrepresented,4.227072174474492
regularly,3.662800744035929
devoted,4.102133437866192
accounts,3.662800744035929
stands,8.454144348948985
quantitative,54.94201116053894
talent,7.325601488071858
guidelinesdoes,4.403163433530173
missions,3.8590953891798976
management,161.16323273758087
verticals,3.9260421788105107
recently,7.408386858388309
study,7.325601488071858
bi/report,4.403163433530173
consultation/collaboration,8.010446849716272
verbally,3.7499509197548297
fluid,4.005223424858136
inevitableâ,4.403163433530173
tests,25.639605208251503
transformations,3.8011034422022107
groovy,4.403163433530173
infotree,13.209490300590518
queries,47.61640967246708
ergo,4.403163433530173
works,10.988402232107788
petcare,17.61265373412069
improving,18.520967145970772
technological,7.718190778359795
recruiterdigital,4.403163433530173
forprofit,4.227072174474492
parental,7.4999018395096595
outsidethebox,3.9260421788105107
lean,3.7041934291941545
chance,3.662800744035929
jira,11.112580287582464
monitoring,14.651202976143717
fast,18.314003720179645
expansive,8.204266875732383
payments,11.112580287582464
ingest,8.204266875732383
credit,14.651202976143717
asset,11.112580287582464
computer,87.9072178568623
descriptions,4.102133437866192
answer,14.651202976143717
timeframes,4.227072174474492
descriptionan,4.403163433530173
complex,76.91881562475452
driven,21.976804464215576
floors,4.403163433530173
uniquely,4.005223424858136
ethic,3.8011034422022107
trust,3.662800744035929
ui,3.8011034422022107
fuel,3.9260421788105107
action,14.651202976143717
designed,3.662800744035929
assessment,7.408386858388309
well,69.59321413668265
storage,7.325601488071858
packages,14.651202976143717
access,25.639605208251503
positively,7.718190778359795
penalized,8.806326867060346
regional,7.408386858388309
effort,3.662800744035929
women,11.112580287582464
facilitate,3.662800744035929
refining,3.7499509197548297
investigation,7.325601488071858
ownership,10.988402232107788
green,3.8011034422022107
snowflake*,4.403163433530173
removal,4.005223424858136
repetitive,3.8590953891798976
additional,25.639605208251503
usage,7.325601488071858
hipaa,4.102133437866192
mobile,29.633547433553236
changed,4.005223424858136
crain's,4.102133437866192
recommendations,69.59321413668265
multidisciplinary,7.6022068844044215
offline,19.630210894052553
professionalservices,4.403163433530173
covid,11.249852759264488
membership,11.249852759264488
updated,3.7041934291941545
dashboard,25.92935400435908
intelligence*,4.227072174474492
power,43.95360892843115
option,3.7041934291941545
quotative,4.403163433530173
claim,7.6022068844044215
firms,3.8011034422022107
generated,3.8011034422022107
contacts,3.8011034422022107
affiliates,4.005223424858136
extensive,25.639605208251503
creek,4.227072174474492
applications,21.976804464215576
virtual,7.4999018395096595
identifying,29.302405952287433
travel,7.325601488071858
hosting,8.204266875732383
inspect,4.403163433530173
reliability,3.662800744035929
structures,7.325601488071858
lunches,7.6022068844044215
triggered,4.227072174474492
consultant,3.7041934291941545
appends,4.227072174474492
forefront,3.9260421788105107
recommending,3.8011034422022107
datadue,4.403163433530173
whole,3.7499509197548297
%,58.604811904574866
overseeing,3.8590953891798976
finding,10.988402232107788
ruby,8.010446849716272
inspiring,3.9260421788105107
searchers,8.806326867060346
activation,3.9260421788105107
manner,14.651202976143717
croix,4.403163433530173
back,7.325601488071858
mixture,8.454144348948985
help,102.55842083300601
perform,32.965206696323364
ways,18.314003720179645
fortune,11.112580287582464
remotely,7.6022068844044215
catered,7.6022068844044215
reproducible,4.227072174474492
trailblazers,8.806326867060346
focuses,7.6022068844044215
right,14.651202976143717
rooted,4.102133437866192
hubs/data,8.204266875732383
evangelize,3.9260421788105107
remote/workfromhome,4.403163433530173
c/b,4.403163433530173
richardson,4.227072174474492
present,25.639605208251503
include,32.965206696323364
bonus,18.314003720179645
aegisâ,4.403163433530173
everything,18.314003720179645
officially,4.403163433530173
discretion,3.8011034422022107
middle,3.8011034422022107
processes,80.58161636879043
addition,14.651202976143717
record,14.651202976143717
autonomous,4.102133437866192
audiencecentric,4.403163433530173
lighting,4.227072174474492
semiconductor,4.227072174474492
years',3.7041934291941545
model,36.62800744035929
visual,3.662800744035929
statusjob,3.8590953891798976
mediums,4.102133437866192
military,3.7041934291941545
revision,4.403163433530173
headquartered,3.662800744035929
optical,4.227072174474492
reach,14.651202976143717
impact,80.58161636879043
verbal,51.279210416503005
helps,10.988402232107788
introlligent,4.403163433530173
energy,18.520967145970772
required,109.88402232107788
strides,8.806326867060346
collecting,3.662800744035929
derive,3.662800744035929
install,4.102133437866192
managing,40.29080818439522
clients,245.40764985040724
google,14.816773716776618
selfstarters,8.454144348948985
responsible,73.25601488071858
inhouse,3.8011034422022107
hand,3.9260421788105107
fastest,11.403310326606633
exemplary,4.227072174474492
ability,263.7216535705869
delivered,7.4999018395096595
vacay,4.403163433530173
small,3.662800744035929
informed,3.7499509197548297
age,32.965206696323364
sdlc,3.7499509197548297
communication,109.88402232107788
ie,14.816773716776618
night,4.005223424858136
part,51.279210416503005
gather,18.314003720179645
nations,4.102133437866192
upload,7.6022068844044215
engagement,14.651202976143717
models,51.279210416503005
exciting,7.325601488071858
collibra,3.8590953891798976
indicators,7.325601488071858
composite,4.403163433530173
generous,14.651202976143717
challenging,7.325601488071858
peopleâs,3.8590953891798976
collaboration,3.662800744035929
replaced,4.227072174474492
occasionally,7.408386858388309
workflow,7.408386858388309
wwwintrolligentcom,4.403163433530173
characteristic,14.651202976143717
periodic,3.8011034422022107
steeped,4.403163433530173
martech,4.102133437866192
among,10.988402232107788
looker*,4.403163433530173
foundation,7.325601488071858
refreshing,4.227072174474492
launched,3.8590953891798976
sql/python,4.403163433530173
objects,18.314003720179645
in*,4.403163433530173
qtestcompany,4.403163433530173
product,153.83763124950903
fyi,8.806326867060346
centric,3.8590953891798976
responsibilities*,7.6022068844044215
remain,3.8590953891798976
mastry,4.403163433530173
thinking,32.965206696323364
transform,18.314003720179645
substances,4.227072174474492
trafficking,4.102133437866192
networks,14.816773716776618
thinker,11.112580287582464
gl,3.9260421788105107
loggedin,4.403163433530173
devices,11.112580287582464
see,3.662800744035929
abilities,7.325601488071858
provide,95.23281934493416
arise,3.7499509197548297
analysis/engineeringrequired,4.403163433530173
afraid,7.852084357621021
vs,3.8011034422022107
envelope,4.227072174474492
philadelphia,11.403310326606633
partner,51.279210416503005
optimize,18.314003720179645
current,47.61640967246708
marketplaces,25.362433046846952
former,3.8011034422022107
unlimited,14.999803679019319
innovative,43.95360892843115
engineers,25.639605208251503
interacting,3.7499509197548297
priorities,10.988402232107788
clientsqualifications*,4.403163433530173
bachelor,10.988402232107788
equally,4.102133437866192
math,10.988402232107788
profitable,8.010446849716272
design/improve,4.403163433530173
time,106.22122157704194
casual,7.6022068844044215
member's,4.403163433530173
outcomes,18.314003720179645
crossfunctional,18.314003720179645
mail,3.8011034422022107
terms,7.325601488071858
predict,3.8011034422022107
term,3.662800744035929
mba,14.651202976143717
customers',3.9260421788105107
pointed,4.403163433530173
environment,150.1748305054731
passionate,29.302405952287433
lights,4.102133437866192
convenience,4.227072174474492
communications,18.314003720179645
chief,3.662800744035929
meet,43.95360892843115
christmas,4.227072174474492
demonstrate,10.988402232107788
skilled,14.999803679019319
analysis/engineeringthe,4.403163433530173
resume,21.976804464215576
audits,18.314003720179645
kumar,4.102133437866192
essential,7.408386858388309
deadlinedriven,4.005223424858136
matter,36.62800744035929
organizational,25.639605208251503
scale,18.314003720179645
etl*,8.806326867060346
records,3.7041934291941545
redundant,3.9260421788105107
impacting,3.8590953891798976
mediamath's,4.403163433530173
uphold,4.005223424858136
copyright,8.204266875732383
pet,49.2256012543943
criticality,4.227072174474492
cartographic,8.806326867060346
journey,14.816773716776618
tight,7.4999018395096595
protected,29.302405952287433
seeking,18.314003720179645
vast,3.8590953891798976
scanned,4.227072174474492
pilot,3.8590953891798976
brightest,7.852084357621021
customers,51.279210416503005
python/java,4.227072174474492
knowing,7.718190778359795
cmi,4.227072174474492
collectively,4.227072174474492
acclaimed,4.403163433530173
weã¢re,4.403163433530173
augment,3.9260421788105107
july,4.005223424858136
onthe,4.403163433530173
analyst,285.69845803480246
american,7.4999018395096595
rigor,7.718190778359795
running,3.7041934291941545
orchestrate,4.005223424858136
manages,3.7041934291941545
pyspark,7.718190778359795
pressure,7.4999018395096595
tooling,3.8011034422022107
extendable,4.102133437866192
vba,3.662800744035929
scrumbased,4.403163433530173
consumer,29.302405952287433
ecosystem,22.225160575164928
extend,4.005223424858136
incredibly,12.306400313598575
custom,37.4995091975483
engineering/analysis*,4.403163433530173
a/b,29.302405952287433
ensures,3.7041934291941545
gamechanging,4.227072174474492
america,14.816773716776618
pleased,12.015670274574408
whatâs,11.403310326606633
efficiency,29.302405952287433
ups,4.227072174474492
responsiveness,3.9260421788105107
framework,10.988402232107788
explicit,4.403163433530173
technologywe,4.403163433530173
advanced,91.57001860089822
indexes,4.102133437866192
equitable,4.227072174474492
high,47.61640967246708
repeating,8.806326867060346
comfortable,21.976804464215576
member,29.302405952287433
continues,3.9260421788105107
individuals,10.988402232107788
inline,4.102133437866192
companyrecognized,4.403163433530173
messages,7.718190778359795
payment,3.8011034422022107
extremely,3.7499509197548297
workloads,3.8590953891798976
clios,4.403163433530173
happiness,4.005223424858136
achieving,3.7499509197548297
stories,18.314003720179645
purposefully,8.204266875732383
programs,47.61640967246708
enjoyed,4.403163433530173
offerings,11.112580287582464
versions,4.227072174474492
usps,8.454144348948985
team,388.2568788678085
distinct,4.102133437866192
stocked,11.778126536431532
places,14.999803679019319
https//jobsbtginccom,4.403163433530173
tools,179.47723645776054
exchanges,3.9260421788105107
report,14.651202976143717
making,25.639605208251503
ingestion,11.112580287582464
expected,10.988402232107788
benefit,14.651202976143717
bigquery,3.8590953891798976
birmingham,4.403163433530173
opentext,4.403163433530173
supports,3.662800744035929
querying,10.988402232107788
employermethods+mastery,4.403163433530173
categorywe,4.403163433530173
functionality,14.816773716776618
added,11.403310326606633
gathered,3.7499509197548297
domestic,7.6022068844044215
unique,36.62800744035929
network,36.62800744035929
capture,21.976804464215576
peak,4.227072174474492
tablet,4.005223424858136
however,3.8011034422022107
inmarket,8.454144348948985
interactive,18.520967145970772
inconsistencies,3.7499509197548297
forecasting,11.112580287582464
maintain,58.604811904574866
detailed,32.965206696323364
challenges,47.61640967246708
das,4.403163433530173
integrity,10.988402232107788
anticipate,3.7041934291941545
gis,35.334379609294594
become,14.816773716776618
sample,3.8590953891798976
department,3.662800744035929
confidential,10.988402232107788
+,194.12843943390425
downtown,7.4999018395096595
compare,7.852084357621021
enlightening,4.403163433530173
churn,16.408533751464766
liaison,3.7041934291941545
independent,22.225160575164928
groups,14.651202976143717
effies,4.403163433530173
magazines,4.403163433530173
plan*,8.204266875732383
industry,87.9072178568623
shifting,3.9260421788105107
rights,3.8590953891798976
note,3.662800744035929
park,7.718190778359795
splitting,4.403163433530173
driving,10.988402232107788
bachelor's,21.976804464215576
assign,3.9260421788105107
locks,4.227072174474492
playbooks,4.403163433530173
others',4.403163433530173
today's,4.102133437866192
cost,7.325601488071858
bank's,3.8590953891798976
esri,4.227072174474492
schedule,14.816773716776618
paths,3.8590953891798976
thrive,18.520967145970772
assessing,7.718190778359795
businesses,51.279210416503005
key,124.53522529722159
corporate,10.988402232107788
architectures,11.403310326606633
stay,7.408386858388309
applied,18.314003720179645
personnel,11.249852759264488
gdpr,8.204266875732383
cultivate,7.6022068844044215
exposure,18.314003720179645
document,29.302405952287433
completed,7.325601488071858
scorecards,3.7499509197548297
reengineering,3.8011034422022107
achieve,14.651202976143717
world's,7.325601488071858
enablement,3.8011034422022107
curious,7.325601488071858
cimp,4.403163433530173
architects,3.7499509197548297
bennies,4.403163433530173
win,7.852084357621021
creates,3.662800744035929
anticipating,3.9260421788105107
interns,4.227072174474492
molding,4.227072174474492
mars,26.418980601181037
salesforce,14.816773716776618
effectiveness,25.92935400435908
bachelors,14.651202976143717
buying,16.408533751464766
offer*,8.204266875732383
energetic,3.7499509197548297
nearly,3.8011034422022107
firm,3.662800744035929
customizable,8.454144348948985
nespresso,4.403163433530173
entities,3.8590953891798976
validation,3.662800744035929
confirm,7.6022068844044215
varied,7.6022068844044215
alm,4.227072174474492
considering,7.6022068844044215
foresight,4.403163433530173
etl,36.62800744035929
disposition,4.102133437866192
landscape,3.8011034422022107
place,7.408386858388309
jazzhrthis,4.403163433530173
ship,3.9260421788105107
considered,14.651202976143717
helping,36.62800744035929
americas,11.403310326606633
sopâs,4.102133437866192
research,47.61640967246708
requested,7.4999018395096595
reportingdaily,4.403163433530173
conceptualizing,4.403163433530173
requirement,18.520967145970772
senior,84.24441711282637
channel,3.8011034422022107
mosaic,35.22530746824138
sum,4.403163433530173
qualified,18.314003720179645
simplest,8.806326867060346
chicago,7.408386858388309
regardless,3.662800744035929
free,3.662800744035929
deliverables,25.639605208251503
assess,10.988402232107788
solving/critical,8.010446849716272
behind,18.520967145970772
progressive,7.4999018395096595
conferences,3.7041934291941545
pandas,3.8011034422022107
error,3.8590953891798976
agencywide,4.227072174474492
intelligence,65.93041339264673
positivity,8.204266875732383
visa,3.7499509197548297
bridging,4.102133437866192
collaborator,3.9260421788105107
abstracting,4.227072174474492
sub,3.9260421788105107
cleanse,3.9260421788105107
fulfills,4.227072174474492
exemplify,8.010446849716272
dataframes,4.403163433530173
especially,3.7041934291941545
lake,7.6022068844044215
request,18.314003720179645
levels,32.965206696323364
resolve,7.325601488071858
<strong>the,4.403163433530173
benchmarks,15.204413768808843
established,7.325601488071858
order,14.651202976143717
leak,4.227072174474492
analysts,25.639605208251503
adapts,4.005223424858136
cloud,18.314003720179645
official,4.005223424858136
bom,4.102133437866192
matching,44.450321150329856
screens,4.005223424858136
beneficial,3.8590953891798976
stack,7.408386858388309
esquire,4.403163433530173
players,3.8011034422022107
many,25.639605208251503
la,3.8590953891798976
inclusion,11.112580287582464
enhancement,3.7499509197548297
concisely,3.9260421788105107
campaignresultsdriven,8.806326867060346
sponsor,3.7041934291941545
write,18.314003720179645
large,73.25601488071858
discounts*,4.403163433530173
hive,7.408386858388309
uat,3.8011034422022107
multitasked,4.227072174474492
kpis,33.33774086274739
minds,12.015670274574408
organize,10.988402232107788
little,3.7499509197548297
clean,7.325601488071858
marketplace,3.8590953891798976
legacy,3.662800744035929
working,230.75644687426353
adtech,17.61265373412069
companies,36.62800744035929
absorb,4.005223424858136
websites,3.8590953891798976
tsql,18.74975459877415
regression,10.988402232107788
helped,3.9260421788105107
building,47.61640967246708
numerous,11.577286167539693
project,91.57001860089822
assisting,11.112580287582464
compelling,21.976804464215576
selfmotivation,3.8590953891798976
throughout,7.325601488071858
issues,58.604811904574866
cast,4.005223424858136
visuals,4.102133437866192
bg,4.403163433530173
paired,4.227072174474492
needed,43.95360892843115
owning,3.7499509197548297
prerequisite,4.102133437866192
versatile,4.102133437866192
hr@icgsjcom,4.403163433530173
history,3.7499509197548297
aim,7.718190778359795
given,10.988402232107788
impressions,4.403163433530173
drives,21.976804464215576
college,7.408386858388309
responsibility,14.651202976143717
point,7.325601488071858
crossdiscipline,8.806326867060346
ascertain,8.454144348948985
details,14.651202976143717
sondhiya,4.403163433530173
online,40.29080818439522
employee,14.651202976143717
improvement,25.639605208251503
fraction,4.227072174474492
resulted,4.227072174474492
install/update,4.403163433530173
evaluate,10.988402232107788
contributions,7.6022068844044215
expertisesalesforce,4.403163433530173
career,29.302405952287433
common,21.976804464215576
jazzhrdata,4.227072174474492
everyoneâs,4.005223424858136
work,479.8268974687067
sources,84.24441711282637
enterprise,25.639605208251503
prides,4.227072174474492
presenting,14.816773716776618
specializes,3.9260421788105107
developers,3.662800744035929
relationship,10.988402232107788
encourages,7.6022068844044215
single,11.112580287582464
hiring,7.325601488071858
move,7.408386858388309
matches,8.204266875732383
search,10.988402232107788
relates,7.4999018395096595
genetics,3.8590953891798976
class,10.988402232107788
digital/social,4.403163433530173
invoices,3.9260421788105107
daytoday,18.74975459877415
round,11.577286167539693
conclusions,10.988402232107788
companymatched,4.403163433530173
condition,3.662800744035929
analyses,40.29080818439522
rock,4.005223424858136
prior,3.662800744035929
recruitment,7.325601488071858
provides,14.651202976143717
envision,4.227072174474492
beliefs,4.005223424858136
specific,25.639605208251503
specialists,3.8011034422022107
organized,18.314003720179645
interested,10.988402232107788
languages,25.639605208251503
concerns,3.7041934291941545
upandcoming,4.403163433530173
addressing,3.662800744035929
oracle,10.988402232107788
modelling,14.816773716776618
persons,3.7499509197548297
taking,14.651202976143717
diverse,25.639605208251503
intuition,4.005223424858136
profile,11.112580287582464
brews,4.403163433530173
authorization,11.249852759264488
assist,51.279210416503005
supplied,8.454144348948985
qa/testing,4.403163433530173
supervision,7.325601488071858
mediaquinstreet,4.403163433530173
hadoop,3.662800744035929
medical,29.302405952287433
yoga,4.005223424858136
risktaking,4.227072174474492
wellnessã¢,4.403163433530173
investment,18.520967145970772
bagel,4.102133437866192
would,21.976804464215576
targeting,4.005223424858136
assemble,3.9260421788105107
proactive,3.7041934291941545
distribution,3.7041934291941545
predictive,18.314003720179645
extension,4.005223424858136
control,7.325601488071858
sciences/engineering/,4.403163433530173
daily,40.29080818439522
russian,4.403163433530173
multifamily,4.102133437866192
usa,3.8011034422022107
wave,12.681216523423476
interpretation,22.225160575164928
collaborative,40.29080818439522
grow,29.302405952287433
define,7.325601488071858
leading,21.976804464215576
engineering,95.23281934493416
realtime,14.651202976143717
tribune,4.403163433530173
utilized,7.408386858388309
impossible,4.005223424858136
ga,7.852084357621021
workflows,7.325601488071858
formulate,3.8011034422022107
numbers,14.816773716776618
visualizing,7.852084357621021
edge,11.403310326606633
mondays,4.227072174474492
privacy/gdpr/ccpa,4.403163433530173
used,10.988402232107788
spot,4.005223424858136
accomplish,7.4999018395096595
rotating,4.403163433530173
learn,62.26761264861079
next,25.639605208251503
stage,7.4999018395096595
mdm,7.6022068844044215
thursday,8.454144348948985
careful,4.102133437866192
faster,11.778126536431532
pulling,7.4999018395096595
/,69.59321413668265
love,43.95360892843115
troubleshoot,25.639605208251503
nltk,4.403163433530173
awardwinning,7.4999018395096595
per,18.314003720179645
fuzzy,4.227072174474492
adopt,3.8590953891798976
ranked,3.7041934291941545
strongly,14.999803679019319
smarter,3.8590953891798976
staffing,3.8590953891798976
petcentric,8.806326867060346
realizing,4.227072174474492
motivate,4.005223424858136
citizens,3.8011034422022107
r,43.95360892843115
without,10.988402232107788
advantages,7.852084357621021
base,14.651202976143717
consideration,10.988402232107788
actively,3.662800744035929
ourtime,4.403163433530173
disruption,4.227072174474492
pull,11.577286167539693
leader,18.314003720179645
experiencewe,4.102133437866192
deeper,3.8011034422022107
estimates,7.4999018395096595
archiving,3.9260421788105107
recovery,3.7041934291941545
scientists,18.520967145970772
demonstration,4.005223424858136
al,4.102133437866192
reward,8.010446849716272
best,84.24441711282637
technical,102.55842083300601
heavy,7.852084357621021
experiential,12.681216523423476
portland,8.010446849716272
flat,7.718190778359795
mandatories,4.403163433530173
mysql,11.249852759264488
ãdata,4.227072174474492
subscribers,8.454144348948985
decades,4.005223424858136
require,40.29080818439522
execute,29.302405952287433
strives,3.9260421788105107
bounce,4.102133437866192
truth,3.9260421788105107
bar,11.577286167539693
diversity,14.651202976143717
estate,3.8011034422022107
florida,3.8011034422022107
undeniable,4.227072174474492
profitability,14.999803679019319
jazzhrundertone,4.403163433530173
missionvistrada,4.403163433530173
valid,3.7499509197548297
continue,3.662800744035929
roi,22.499705518528977
far,8.010446849716272
direct,40.29080818439522
backend,7.4999018395096595
classification,3.7041934291941545
matchmosaic,4.403163433530173
hardware,11.249852759264488
we've,11.249852759264488
moscow,8.806326867060346
setting,7.408386858388309
command,3.7041934291941545
whatever,3.9260421788105107
forward,22.225160575164928
cognos,7.4999018395096595
baseline,3.8590953891798976
automating,22.499705518528977
stats,4.403163433530173
dba,4.005223424858136
raised,3.9260421788105107
scrubbing,8.204266875732383
trying,3.9260421788105107
modern,3.7041934291941545
summer,4.102133437866192
kjob,4.403163433530173
hoc,32.965206696323364
scikitlearn,4.005223424858136
date,7.325601488071858
startup,14.816773716776618
efficient,18.314003720179645
manager,14.651202976143717
keys,16.90828869789797
consulting,14.651202976143717
degrees,3.7499509197548297
requirementsthe,8.806326867060346
tansib@infotreeglobalcom#covidgreetings,4.403163433530173
multiple,84.24441711282637
vlookups,3.9260421788105107
seattle,3.9260421788105107
buyergenomics,17.61265373412069
communicating,40.29080818439522
cohort,7.6022068844044215
sql/r/python,4.403163433530173
flexibility,7.408386858388309
packs,4.403163433530173
budget,11.249852759264488
particularly,7.408386858388309
gain,7.325601488071858
edw,3.9260421788105107
line,3.662800744035929
years,230.75644687426353
experienced,7.325601488071858
rapport,8.010446849716272
examine,3.8590953891798976
nontechnical,10.988402232107788
understanding,120.87242455318567
transparency,3.662800744035929
newly,7.4999018395096595
expertise,62.26761264861079
principle,3.9260421788105107
sas,3.662800744035929
code,10.988402232107788
address,10.988402232107788
proud,7.325601488071858
foundations,7.852084357621021
interview,7.325601488071858
subject,29.302405952287433
funnels,3.9260421788105107
ecommerce,7.4999018395096595
entertainment,3.7499509197548297
net,3.7499509197548297
programming,29.302405952287433
controlling,3.8590953891798976
handson,18.314003720179645
suggest,3.7499509197548297
iab,4.403163433530173
cashback,4.403163433530173
kpiâs,3.9260421788105107
establish,7.325601488071858
vacation/work,4.227072174474492
query,18.314003720179645
yearsã¢,4.403163433530173
null,13.209490300590518
oriented,7.325601488071858
k,32.965206696323364
battery,4.102133437866192
examining,3.9260421788105107
prediction,3.8590953891798976
page,7.6022068844044215
western,4.005223424858136
bachelorã¢s,4.227072174474492
better,62.26761264861079
beginning,7.718190778359795
towards,21.976804464215576
hardworking,8.010446849716272
executing,10.988402232107788
analytical,157.50043199354496
nonnre,4.403163433530173
implementation,43.95360892843115
scientific,7.718190778359795
seamless,7.4999018395096595
inspire,15.43638155671959
bigger,8.010446849716272
discrimination,3.7041934291941545
coding,10.988402232107788
digiday,4.403163433530173
oral,21.976804464215576
blue,8.454144348948985
mark,4.005223424858136
extent,3.9260421788105107
additionally,3.662800744035929
disaster,3.8011034422022107
compiling,11.403310326606633
ready,7.325601488071858
way,40.29080818439522
log,7.852084357621021
hands,10.988402232107788
months+quadratic,4.403163433530173
fieldcompany,4.403163433530173
computational,4.005223424858136
look,18.314003720179645
leaning,4.102133437866192
one,47.61640967246708
focused,14.651202976143717
onlinescale,4.403163433530173
dashboards,62.26761264861079
distilling,8.204266875732383
domain,10.988402232107788
courses,7.852084357621021
conglomerate,4.227072174474492
collect,14.651202976143717
targeted,3.8011034422022107
/ccpa,4.403163433530173
produce,36.62800744035929
prioritize,18.314003720179645
keeping,3.7041934291941545
types,10.988402232107788
bs/ba,7.6022068844044215
serving,7.325601488071858
less,7.4999018395096595
deploy,7.408386858388309
evergrowing,4.102133437866192
initiatives,36.62800744035929
guarantee,4.227072174474492
confirmation,4.102133437866192
international,7.408386858388309
requiring,11.112580287582464
interpret,10.988402232107788
software/computer,4.403163433530173
necessary,7.325601488071858
cities,11.403310326606633
scripts,7.325601488071858
tool,14.651202976143717
sq,4.227072174474492
ensure,76.91881562475452
colleagues,14.651202976143717
automation,58.604811904574866
clinical,7.4999018395096595
skillsets,3.9260421788105107
natural,3.7499509197548297
function,7.325601488071858
enthusiastically,4.403163433530173
worker,4.102133437866192
insights/recommendations,4.403163433530173
calibrate,8.806326867060346
question,23.154572335079386
act,7.325601488071858
easier,3.9260421788105107
ã¢åscaling,4.403163433530173
tech,55.562901437912316
health,32.965206696323364
house,3.9260421788105107
mathematics,47.61640967246708
perks,14.816773716776618
austin,3.7499509197548297
salary,32.965206696323364
solutions,128.19802604125752
âoptoutâ,4.403163433530173
wider,4.005223424858136
standardized,3.7041934291941545
dentsu,8.806326867060346
undertone,8.806326867060346
think,7.325601488071858
companyâs,3.7499509197548297
employees,40.29080818439522
agile,29.302405952287433
graph,4.102133437866192
truly,7.4999018395096595
actionable,32.965206696323364
complexities,7.718190778359795
website,14.651202976143717
automations,4.005223424858136
insights,223.4308453861917
desktops,4.403163433530173
file,11.112580287582464
presentations,18.314003720179645
subqueries,4.227072174474492
data,1725.1791504409227
allows,7.408386858388309
diagrams,7.408386858388309
superb,3.8590953891798976
kitchen,7.718190778359795
lions,8.806326867060346
serious,3.9260421788105107
statistics/mathematics,4.403163433530173
reserves,4.102133437866192
content,32.965206696323364
change,21.976804464215576
wwwinfotreeglobalcom,4.403163433530173
*applicants,4.227072174474492
emerging,10.988402232107788
conduct,18.314003720179645
documentation,51.279210416503005
resultoriented,4.102133437866192
smooth,3.9260421788105107
giving,48.15451457952401
simplify,3.8011034422022107
law,7.325601488071858
creatively,7.718190778359795
operational,21.976804464215576
goods,4.102133437866192
sensor,4.227072174474492
eliminations,4.403163433530173
ambitious,11.112580287582464
cdmp,4.227072174474492
follow,7.325601488071858
ppo,8.806326867060346
spearhead,8.204266875732383
exhaustive,3.8590953891798976
innovators,3.8590953891798976
processing,18.314003720179645
practice,10.988402232107788
cross,7.325601488071858
diagram,3.9260421788105107
eyes,8.204266875732383
physics,7.4999018395096595
yearsâ,3.7041934291941545
family,14.651202976143717
there's,8.010446849716272
cannes,8.806326867060346
organization,65.93041339264673
judgment,3.662800744035929
protocols,3.7499509197548297
believes,11.403310326606633
exceptional,10.988402232107788
gcp,3.9260421788105107
consideredpeople,4.403163433530173
techdrivendirecttoconsumer,4.403163433530173
b,3.9260421788105107
brings,7.408386858388309
profitably,4.403163433530173
monitor,29.302405952287433
transportation,3.7041934291941545
strive,14.816773716776618
person's,4.102133437866192
thermostats,4.227072174474492
weekends,3.7499509197548297
providing,36.62800744035929
acquisition,14.651202976143717
mining,3.662800744035929
lgbtq,4.403163433530173
creating,76.91881562475452
technologies,54.94201116053894
nsg,4.403163433530173
pulled,4.102133437866192
chart,15.43638155671959
it*,4.403163433530173
problemsolving,32.965206696323364
solution,21.976804464215576
communities,7.325601488071858
quantify,3.7499509197548297
participate,14.651202976143717
wholly,3.9260421788105107
advancing,7.6022068844044215
stored,33.33774086274739
hired,7.718190778359795
holistically,4.227072174474492
resources,3.662800744035929
developed,3.7499509197548297
mscs,4.403163433530173
strengthening,8.010446849716272
fruits,4.403163433530173
analyze,98.89562008897009
statistical,73.25601488071858
iii,3.8590953891798976
sheild,4.403163433530173
youã¢ll,4.403163433530173
join,69.59321413668265
together,40.29080818439522
firm's,4.102133437866192
syracuse,4.102133437866192
editorial,4.102133437866192
including,168.48883422565274
recognition,3.9260421788105107
appropriate,21.976804464215576
various,51.279210416503005
interaction,22.225160575164928
selfmotivated,3.662800744035929
ms,58.604811904574866
vistrada,8.806326867060346
narratives,3.9260421788105107
privacy,7.325601488071858
series,3.7499509197548297
ad,76.91881562475452
chronicle,8.806326867060346
possible,18.314003720179645
carrying,3.9260421788105107
operating,14.651202976143717
integrations,3.7499509197548297
opportunities,69.59321413668265
bills,4.227072174474492
dcg,4.403163433530173
bigdata,3.8590953891798976
teamthe,4.227072174474492
deepen,7.852084357621021
determining,3.7499509197548297
learning*,4.403163433530173
assignment,3.7041934291941545
lineage,7.6022068844044215
formed,7.852084357621021
smart,33.33774086274739
lines,3.662800744035929
documented,3.7041934291941545
buildings,4.227072174474492
nichefocused,4.403163433530173
lead,21.976804464215576
explain,7.325601488071858
kept,11.778126536431532
choices,4.005223424858136
accurate,10.988402232107788
client,175.8144357137246
rewards,3.7499509197548297
environmentexperience,4.403163433530173
facing,14.999803679019319
responsive,3.9260421788105107
adaptable,3.8011034422022107
remote,10.988402232107788
internally,3.662800744035929
procedures,62.26761264861079
successful,25.639605208251503
worldwide,14.816773716776618
doingtech,8.806326867060346
reportsâ·,4.403163433530173
compile,3.8011034422022107
proximity,4.403163433530173
ops,7.718190778359795
characteristics,11.112580287582464
procurement,7.718190778359795
engage,14.651202976143717
diversified,3.8590953891798976
immersed,4.227072174474492
analysis*,3.8011034422022107
bothered,4.403163433530173
temporary,3.8011034422022107
london,11.778126536431532
logical,7.325601488071858
agency,36.62800744035929
amplitude,3.9260421788105107
education,43.95360892843115
innovation,18.314003720179645
field,62.26761264861079
enoughâ,4.403163433530173
features,21.976804464215576
positive,14.651202976143717
physical,7.325601488071858
summaries,3.8590953891798976
today,21.976804464215576
listed,7.325601488071858
known,25.92935400435908
materials,3.662800744035929
story,3.662800744035929
merit,3.8011034422022107
cleaning/qa,4.227072174474492
text,3.7499509197548297
specifications,21.976804464215576
prweek's,4.403163433530173
success,58.604811904574866
complexity,3.7499509197548297
spending,3.7041934291941545
synchronized,8.454144348948985
concept,14.651202976143717
trade,3.8590953891798976
workshops,3.7499509197548297
farm,4.403163433530173
carry,3.8011034422022107
happen,7.408386858388309
related,117.20962380914973
reference,3.7041934291941545
employersponsored,4.227072174474492
solver,3.7499509197548297
execution,10.988402232107788
six,7.6022068844044215
*************,4.403163433530173
nythe,4.403163433530173
projects,91.57001860089822
we'd,3.7041934291941545
questions,21.976804464215576
choice,3.7499509197548297
pacing,4.403163433530173
looker,30.408827537617686
suggestions,3.7499509197548297
infrastructure,7.325601488071858
microsoft,25.639605208251503
updating,3.8011034422022107
accomplishes,4.227072174474492
components,18.314003720179645
cosmopolitan,4.403163433530173
datacentric,3.9260421788105107
privatelabel,8.806326867060346
jump,3.8590953891798976
academic,3.7041934291941545
userdefined,8.806326867060346
confluence,3.8590953891798976
âsmart,4.403163433530173
invoice,4.227072174474492
draw,11.249852759264488
concentrating,8.204266875732383
pipelines,7.325601488071858
amount,7.718190778359795
accessing,3.9260421788105107
vision,32.965206696323364
enjoy,7.408386858388309
informatica,3.7041934291941545
deck,4.102133437866192
none,3.8590953891798976
embrace,3.662800744035929
figure,3.8011034422022107
shop,8.010446849716272
aws*,4.227072174474492
seen,3.9260421788105107
surveys,3.7499509197548297
candidate,73.25601488071858
automated,29.302405952287433
accessible,3.662800744035929
audience,21.976804464215576
intended,11.249852759264488
company's,3.7041934291941545
ach,4.403163433530173
products,76.91881562475452
events,10.988402232107788
suites,4.403163433530173
good,76.91881562475452
lot,3.7499509197548297
reports,157.50043199354496
efforts,32.965206696323364
context,7.408386858388309
retention,14.999803679019319
technology,106.22122157704194
methods,36.62800744035929
powerpointjob,4.403163433530173
count,7.718190778359795
times,14.651202976143717
fridays,8.204266875732383
privately,7.852084357621021
regions,3.7499509197548297
may,32.965206696323364
eeo,14.651202976143717
importantly,11.577286167539693
searching,11.577286167539693
detail,25.639605208251503
accommodations,3.662800744035929
agility,3.8011034422022107
women's,4.102133437866192
recognized,3.7041934291941545
consumerpackaged,4.227072174474492
angeles,3.7041934291941545
strategies,14.651202976143717
specs,3.8011034422022107
differences,7.718190778359795
areas,10.988402232107788
named,11.112580287582464
ongoing,7.325601488071858
providers,7.325601488071858
âgood,4.403163433530173
changing,14.651202976143717
assorted,8.010446849716272
mentors,3.8011034422022107
reputed,4.403163433530173
enable,21.976804464215576
bottom,4.102133437866192
profit,4.005223424858136
performance,117.20962380914973
leadership,21.976804464215576
reduce,3.7041934291941545
outings,4.227072174474492
guidelinesabout,4.403163433530173
go,3.662800744035929
potential,7.325601488071858
made,3.662800744035929
proprietary,3.7041934291941545
ff,4.227072174474492
properties,7.852084357621021
fieldapplicants,4.403163433530173
convert,3.7041934291941545
script,3.8590953891798976
service,40.29080818439522
breakdown*,4.403163433530173
verification,3.7499509197548297
format,3.7041934291941545
assistance,25.639605208251503
java,7.325601488071858
also,58.604811904574866
msee,4.403163433530173
fedex,4.403163433530173
requiredmediamath,4.403163433530173
systems,95.23281934493416
intern,4.005223424858136
legallyrecognized,4.403163433530173
paid,47.61640967246708
fundamental,3.7041934291941545
luther,4.403163433530173
affiliate,4.403163433530173
similar,14.651202976143717
ventures,7.718190778359795
realm,4.227072174474492
prescribed,4.227072174474492
topics/processes/problems,4.403163433530173
reach/frequency,8.806326867060346
graphs,3.7499509197548297
wrong,4.403163433530173
co,7.408386858388309
unexpected,3.9260421788105107
initial,11.403310326606633
clientâs,19.005517211011053
stata,3.8011034422022107
tableau*,7.852084357621021
unforgettable,4.403163433530173
dataset,7.6022068844044215
insurance,40.29080818439522
news,3.8011034422022107
already,7.4999018395096595
skill,18.314003720179645
suite,25.639605208251503
mass,3.8590953891798976
demonstrated,36.62800744035929
stacks,7.6022068844044215
possesses,3.8590953891798976
market,40.29080818439522
origin,40.29080818439522
country,3.662800744035929
physicians,3.9260421788105107
valuable,14.651202976143717
methodologies/techniques,4.403163433530173
lawqa,4.403163433530173
influence's,8.806326867060346
decentralized,8.454144348948985
canât,3.9260421788105107
duties,14.651202976143717
bonds,4.227072174474492
rapidly,7.325601488071858
collaborating,10.988402232107788
visitors,4.102133437866192
pretax,7.852084357621021
policy,18.314003720179645
profession,4.227072174474492
source,25.639605208251503
professional,51.279210416503005
apple,3.8590953891798976
entrepreneurial,18.74975459877415
growth,58.604811904574866
analysthearst,4.403163433530173
spent,3.9260421788105107
resultsdriven,4.227072174474492
solid,32.965206696323364
subscription,19.005517211011053
developing,54.94201116053894
driver,3.8590953891798976
development,168.48883422565274
matrix,3.7499509197548297
minorities,3.8011034422022107
hb,3.8011034422022107
deadline,3.8590953891798976
democratise,8.806326867060346
interpretable,4.227072174474492
speakers,4.403163433530173
reviewing,7.4999018395096595
jr,4.005223424858136
deriving,3.9260421788105107
uml,4.227072174474492
statusplease,4.227072174474492
imagine,8.454144348948985
modify,7.4999018395096595
spreadsheet,7.4999018395096595
retrieve,3.7499509197548297
view,14.651202976143717
updates,14.651202976143717
feedback,7.325601488071858
lead/,4.403163433530173
correlated,4.227072174474492
desired,3.662800744035929
always,21.976804464215576
something,3.7499509197548297
know,7.325601488071858
confidentiality,3.7499509197548297
regular,10.988402232107788
powered,22.499705518528977
$k/year,4.403163433530173
closely,32.965206696323364
undertones,26.418980601181037
affect,3.8590953891798976
fraud,7.408386858388309
customized,11.112580287582464
longterm,7.325601488071858
eg,43.95360892843115
relate,14.999803679019319
refine,7.6022068844044215
candidates,43.95360892843115
tracking,14.651202976143717
main,3.7041934291941545
sales,40.29080818439522
hear,3.662800744035929
interesting,3.7041934291941545
fsas,4.403163433530173
modifications,3.8590953891798976
range,21.976804464215576
client's,3.8011034422022107
billions,11.577286167539693
pivotal,4.005223424858136
creed,3.662800744035929
assurance,3.662800744035929
task,3.7499509197548297
product's,4.227072174474492
timeliness,7.408386858388309
combine,3.7041934291941545
result,10.988402232107788
state,10.988402232107788
generating,14.816773716776618
facilitating,7.718190778359795
weve,4.102133437866192
environments,7.325601488071858
amped,4.403163433530173
generate,7.325601488071858
resultsour,4.403163433530173
methodologies,40.29080818439522
indepth,3.662800744035929
intuitive,3.7499509197548297
problems,58.604811904574866
public,40.29080818439522
maps,3.7041934291941545
contracttohire,4.102133437866192
klpaschlthe,4.403163433530173
experiences,47.61640967246708
segmentation,29.302405952287433
pharmaceutical,3.8011034422022107
intimate,4.403163433530173
shut,4.403163433530173
perspective,7.408386858388309
multichannel,4.005223424858136
modules,7.718190778359795
hope,7.718190778359795
outputs,3.8011034422022107
trends,73.25601488071858
hr,3.662800744035929
integrating,18.74975459877415
spark,3.7041934291941545
innovations,3.8011034422022107
experiment,3.9260421788105107
effective,14.651202976143717
executives,7.325601488071858
datadriven,29.302405952287433
remediation,3.7041934291941545
hyperfocused,4.403163433530173
campaign/dmp,4.403163433530173
powerpoint,25.639605208251503
jazzhr,3.8590953891798976
environmental,21.976804464215576
analystpowering,4.403163433530173
resourceful,3.9260421788105107
facilities,7.6022068844044215
balance,3.662800744035929
degree,131.86082678529345
reengagement,8.010446849716272
articulate,3.662800744035929
naturally,12.015670274574408
flourish,4.102133437866192
external,43.95360892843115
api,11.577286167539693
prioritizing,11.403310326606633
officer,3.7041934291941545
translate,54.94201116053894
interactions,7.4999018395096595
since,7.325601488071858
users,47.61640967246708
expression,7.325601488071858
airflow*,8.806326867060346
enables,7.408386858388309
gender,51.279210416503005
effectively,62.26761264861079
integral,3.7041934291941545
accuracy,58.604811904574866
empowers,3.8011034422022107
azure,11.249852759264488
illustrate,7.6022068844044215
opportunities/,4.403163433530173
kind,3.662800744035929
deliver,58.604811904574866
revenue,25.639605208251503
masters,3.7041934291941545
plan,51.279210416503005
attributes,18.74975459877415
acceptance,11.112580287582464
restrictions,3.8590953891798976
level,58.604811904574866
vlookup,3.8011034422022107
magazine,12.015670274574408
savings,3.7041934291941545
electrical,11.577286167539693
shares,3.8011034422022107
eligible,3.7041934291941545
solutioning,4.403163433530173
manipulate,7.408386858388309
smallmedium,4.403163433530173
multitask,14.651202976143717
thru,8.010446849716272
visually,7.852084357621021
lawjob,4.005223424858136
services,32.965206696323364
across,161.16323273758087
develops,7.325601488071858
contribute,25.639605208251503
members,51.279210416503005
focusing,3.7499509197548297
degreecompany,4.403163433530173
environmenteducationbachelor's,4.403163433530173
four,3.662800744035929
prominent,4.005223424858136
enormous,8.454144348948985
markets,14.651202976143717
united,29.302405952287433
phd,3.8011034422022107
nyc,19.005517211011053
find,43.95360892843115
incremental,4.102133437866192
significant,14.651202976143717
visit,7.325601488071858
fellow,12.015670274574408
uplifting,4.403163433530173
knowledged,4.403163433530173
offer,29.302405952287433
reading,3.7499509197548297
analyzing,40.29080818439522
multidimensional,4.005223424858136
notifications,15.704168715242043
offered,3.662800744035929
clientsjob,4.227072174474492
role,135.5236275293294
store,3.8011034422022107
scope,18.520967145970772
promote,10.988402232107788
system,62.26761264861079
reconciliation,7.325601488071858
thorough,7.408386858388309
proficient,18.314003720179645
mysql*,8.806326867060346
guidewire,32.81706750292953
transactions,3.8011034422022107
assets,7.325601488071858
campaign,65.93041339264673
export,15.704168715242043
plm,4.005223424858136
rich,30.87276311343918
datasets,43.95360892843115
dates,4.005223424858136
centennial,8.204266875732383
peer,3.9260421788105107
perspectives,3.662800744035929
maintains,3.7041934291941545
nation's,7.852084357621021
competitive,40.29080818439522
critical,43.95360892843115
ca,10.988402232107788
schedules,7.408386858388309
new,223.4308453861917
independently,14.651202976143717
giants,4.227072174474492
analysis,282.03565729076655
teamwork,3.7041934291941545
even,7.408386858388309
government,7.325601488071858
availability,7.4999018395096595
list,29.302405952287433
adapting,3.8590953891798976
collection,25.639605208251503
retailers,7.852084357621021
retrieval,7.718190778359795
ppt,3.9260421788105107
reports*,3.9260421788105107
implement,18.314003720179645
title,11.112580287582464
basic,25.639605208251503
donation,4.102133437866192
billion,7.408386858388309
television,13.209490300590518
advertisersknowledge,4.403163433530173
awesome,3.8590953891798976
thousands,15.43638155671959
disability,47.61640967246708
featuring,4.227072174474492
gis/spatial,4.403163433530173
mine,14.999803679019319
trainer,4.227072174474492
sustainable,7.408386858388309
evolving,21.976804464215576
evolve,3.7499509197548297
understand,87.9072178568623
pto,14.651202976143717
contact,14.651202976143717
circulation,4.403163433530173
templates,3.7041934291941545
frequently,14.651202976143717
mailing,3.9260421788105107
index,3.9260421788105107
skillset,3.8590953891798976
operation,7.325601488071858
highest,3.662800744035929
asking,7.718190778359795
communicators,8.806326867060346
utilize,10.988402232107788
maintenance,7.325601488071858
certified,11.249852759264488
cloudera,3.9260421788105107
governance/management,4.102133437866192
undergraduate,3.7041934291941545
certification,11.112580287582464
nonprofits,12.015670274574408
mapping,14.816773716776618
sciences,18.520967145970772
picture,11.249852759264488
spirit,3.7499509197548297
relevance,3.8590953891798976
application,29.302405952287433
dedicated,3.662800744035929
us,98.89562008897009
browserbased,8.806326867060346
nongis/technical,4.403163433530173
delivering,10.988402232107788
increase,10.988402232107788
scraping,4.403163433530173
captiva,4.403163433530173
must,91.57001860089822
disabilities,7.325601488071858
results,95.23281934493416
abs,16.408533751464766
organizationsthe,4.403163433530173
construct,3.8011034422022107
we're,7.325601488071858
missiondriven,3.9260421788105107
pairs,4.227072174474492
info,14.999803679019319
committed,29.302405952287433
close,7.408386858388309
top,18.314003720179645
defaults,4.227072174474492
futurewe,4.403163433530173
telling,3.7499509197548297
offc,4.403163433530173
conversion,11.112580287582464
userfriendly,3.9260421788105107
support,113.5468230651138
gives,3.9260421788105107
engineered,4.403163433530173
sets,69.59321413668265
deadlines,14.651202976143717
professionally,3.7499509197548297
methods+mastery,17.61265373412069
jacksonville,4.005223424858136
aligning,4.005223424858136
unstructured,3.662800744035929
penthouse,4.403163433530173
done,7.325601488071858
begin,4.005223424858136
feeling,4.227072174474492
scripting,18.314003720179645
coordinate,14.651202976143717
party,18.314003720179645
superior,14.999803679019319
residents,3.9260421788105107
completeness,3.7041934291941545
dan,4.403163433530173
ultimately,3.7041934291941545
cable,4.227072174474492
retail,7.325601488071858
professionals,14.651202976143717
weâre,18.314003720179645
acosta/mosaic,4.403163433530173
varying,3.7499509197548297
training,14.651202976143717
metric,7.325601488071858
arbor,4.403163433530173
natype,4.403163433530173
aws,29.302405952287433
creation,40.29080818439522
culture,32.965206696323364
logic,23.154572335079386
mountain,3.8590953891798976
owned,3.662800744035929
scrub,4.227072174474492
demands,7.325601488071858
national,40.29080818439522
type,10.988402232107788
regards,7.718190778359795
citibike,4.403163433530173
app,14.816773716776618
resource,3.7041934291941545
feels,4.005223424858136
smg,4.403163433530173
improve,36.62800744035929
led,3.8590953891798976
media,176.247693228477
first,7.325601488071858
leverage,10.988402232107788
designing,14.651202976143717
display,3.8011034422022107
obsessed,4.005223424858136
objectives,21.976804464215576
advisors,3.8590953891798976
nonmathematical,4.403163433530173
conventions,4.102133437866192
recognize,3.662800744035929
voted,4.102133437866192
loggedout,4.403163433530173
core,32.965206696323364
match,29.302405952287433
planner,4.227072174474492
postgresql,7.6022068844044215
brand,11.112580287582464
geographic,15.704168715242043
formats,3.7499509197548297
clients',3.8011034422022107
sex,25.639605208251503
distinctive,3.9260421788105107
goals,36.62800744035929
deploys,3.8011034422022107
measurements,3.8011034422022107
alongside,14.816773716776618
pregnancy,10.988402232107788
exponential,7.852084357621021
increasing,3.7041934291941545
critically,3.7499509197548297
employment,47.61640967246708
checking,4.005223424858136
experience/skills,4.102133437866192
verify,11.403310326606633
weâve,7.718190778359795
true,3.8590953891798976
bachelorâs,29.302405952287433
day,58.604811904574866
safety,7.4999018395096595
want,21.976804464215576
aggressively,4.403163433530173
largest,10.988402232107788
solving,21.976804464215576
particular,3.662800744035929
primary,29.302405952287433
quickly,36.62800744035929
governance,7.325601488071858
language/tools,4.403163433530173
prioritization,3.7499509197548297
reactive,4.102133437866192
push,26.249656438283807
supportive,3.8011034422022107
designs,7.325601488071858
upon,10.988402232107788
dull,4.403163433530173
ai,3.7041934291941545
inclusive,18.314003720179645
apps,7.852084357621021
excel,106.22122157704194
size,11.112580287582464
architecture,25.639605208251503
careers,3.7041934291941545
discover,7.408386858388309
signed,4.102133437866192
perfecting,4.403163433530173
hire,36.62800744035929
pool,4.102133437866192
definitions,3.662800744035929
situations,7.6022068844044215
consistency,3.662800744035929
servers,3.9260421788105107
reality,8.010446849716272
emphasis,10.988402232107788
evaluating,3.662800744035929
optimizations,3.8590953891798976
funding,11.403310326606633
tsql/pl,8.204266875732383
functional,10.988402232107788
matched,8.010446849716272
break,3.7499509197548297
socially,4.403163433530173
dallas,7.4999018395096595
referral,3.8011034422022107
has/have,4.403163433530173
forwardthinking,4.005223424858136
sessions,18.314003720179645
experiments,7.325601488071858
evaluation,7.325601488071858
countifs,4.403163433530173
possession,4.005223424858136
inquisitive,7.6022068844044215
qlikview,3.8011034422022107
amazing,7.4999018395096595
helsinki,8.806326867060346
experience,692.2693406227907
downstream,3.7041934291941545
decision,29.302405952287433
along,14.651202976143717
strong,183.14003720179645
architect,3.662800744035929
discriminate,18.314003720179645
big,62.26761264861079
agencies,25.639605208251503
guidelinesjob,4.403163433530173
exists,3.8590953891798976
alist,4.403163433530173
serve,7.325601488071858
machine,25.639605208251503
transitioned,4.102133437866192
locations,3.662800744035929
cupertino,7.852084357621021
side,3.7041934291941545
discrepancies,3.7499509197548297
outliers,4.005223424858136
globe,3.662800744035929
integrated,7.325601488071858
reputation,3.7041934291941545
consumers,51.279210416503005
classified,3.8590953891798976
customercentric,4.005223424858136
noise,3.8011034422022107
â,4.403163433530173
case,3.7041934291941545
interact,10.988402232107788
presidents',4.403163433530173
completing,3.7499509197548297
regulatory,29.302405952287433
purpose,11.112580287582464
youâre,7.325601488071858
leveraging,10.988402232107788
contributed,8.454144348948985
york,18.314003720179645
thanksgiving,4.403163433530173
dental/,4.403163433530173
dissemination,4.005223424858136
aspect,3.9260421788105107
teams,150.1748305054731
concepts,36.62800744035929
richards,4.403163433530173
engineering*,4.227072174474492
demographics,4.102133437866192
drive,102.55842083300601
partnership,7.325601488071858
completionthis,4.403163433530173
scheduledriven,4.403163433530173
inform,10.988402232107788
reporting*,3.8590953891798976
discrimination/harassment,8.806326867060346
discipline,18.314003720179645
veracity,4.227072174474492
environmentally,4.403163433530173
position,84.24441711282637
sports,3.8590953891798976
visible,7.852084357621021
industrialstyle,4.403163433530173
social,54.94201116053894
involving,7.408386858388309
send,10.988402232107788
dress,4.005223424858136
roles,10.988402232107788
makes,3.662800744035929
volunteer,3.7041934291941545
strategic,62.26761264861079
uses,14.651202976143717
supervisory,3.8011034422022107
enthusiasm,15.204413768808843
companyã¢s,8.806326867060346
tuition,3.662800744035929
developmentadvertising,4.403163433530173
gap,3.662800744035929
software,102.55842083300601
proof,7.718190778359795
doors,8.010446849716272
chains,4.102133437866192
youâll,7.325601488071858
statistics,69.59321413668265
package,14.651202976143717
normalized,4.102133437866192
permanentthis,4.403163433530173
autonomously,7.718190778359795
cucumber,8.454144348948985
extra,11.403310326606633
qlik,3.7041934291941545
thanks,3.9260421788105107
owns,3.8011034422022107
corporation,11.403310326606633
\,4.403163433530173
share,7.325601488071858
denodo,4.227072174474492
gartner,4.227072174474492
pragmatic,8.010446849716272
offices,29.302405952287433
workfromhome,3.9260421788105107
campaign/site,4.403163433530173
entire,7.408386858388309
dig,4.005223424858136
mdg,4.102133437866192
reliable,3.662800744035929
reports/dashboards,4.102133437866192
localized,4.403163433530173
junior,3.7041934291941545
strategy,51.279210416503005
th,7.4999018395096595
took,4.403163433530173
formulas,7.408386858388309
arearequired,4.403163433530173
geography,8.010446849716272
day*,4.403163433530173
walkthrough,4.227072174474492
migration,21.976804464215576
kpi,7.325601488071858
minimization,4.403163433530173
hazardous,4.227072174474492
ever,3.8011034422022107
goalsetting,4.403163433530173
generation,10.988402232107788
dollars,16.020893699432545
measure,7.325601488071858
achieved,3.8011034422022107
built,25.639605208251503
related*,4.403163433530173
measurable,10.988402232107788
biggest,11.778126536431532
influence,10.988402232107788
audible,4.403163433530173
priority,3.662800744035929
w,15.43638155671959
winning,7.718190778359795
overservicing,4.403163433530173
teradata,3.7499509197548297
number,7.408386858388309
beautiful,4.005223424858136
pledge,8.454144348948985
investigate,3.7041934291941545
measuring,11.249852759264488
policies,14.651202976143717
dating,4.403163433530173
onthefly,4.403163433530173
predisposed,4.403163433530173
shades,4.227072174474492
premier,3.7499509197548297
partners,62.26761264861079
technical/mathematical,4.403163433530173
track,25.639605208251503
events*,4.102133437866192
healthcare,3.662800744035929
based,40.29080818439522
director,3.7041934291941545
diego,11.577286167539693
relational,29.302405952287433
master,7.325601488071858
around,25.639605208251503
trapping,4.403163433530173
city,14.651202976143717
found,7.6022068844044215
multiproject,4.403163433530173
risk,47.61640967246708
gw,4.403163433530173
proposals,3.7499509197548297
ba,3.7041934291941545
planning,47.61640967246708
powerbi,3.7499509197548297
internal,117.20962380914973
great,32.965206696323364
guide,14.651202976143717
relations,39.260421788105106
incredible,7.718190778359795
relevant,36.62800744035929
gtm,4.005223424858136
citizenship,3.662800744035929
program,25.639605208251503
visibility,15.204413768808843
phases,3.7499509197548297
maximize,7.408386858388309
overview,10.988402232107788
believe,36.62800744035929
community,32.965206696323364
age's,4.403163433530173
awards,11.577286167539693
growing,36.62800744035929
medical/,4.403163433530173
gaps,3.7041934291941545
institute,3.8590953891798976
engines,7.852084357621021
monday,10.988402232107788
trend,3.7041934291941545
chapter,4.227072174474492
located,29.633547433553236
west,3.9260421788105107
projections,7.718190778359795
frameworks,25.639605208251503
internet,7.408386858388309
associates,29.999607358038638
relating,7.6022068844044215
fed,4.102133437866192
âconscious,4.403163433530173
smack,4.403163433530173
nonexistent,4.403163433530173
partnerships,7.4999018395096595
onboard,3.8590953891798976
release,3.8011034422022107
update,11.112580287582464
encourage,7.408386858388309
databases,51.279210416503005
holders,3.8011034422022107
overall,3.662800744035929
needs,106.22122157704194
standout,4.403163433530173
rigorous,7.718190778359795
agreements,3.8011034422022107
unix,3.7041934291941545
sc,4.102133437866192
apartment,8.806326867060346
interactions*,4.102133437866192
hub,26.607724095415474
blk,8.806326867060346
predisposing,4.403163433530173
rules,14.651202976143717
detectionthis,4.403163433530173
major,18.314003720179645
bsa,4.102133437866192
religion,32.965206696323364
thoughtspot,4.227072174474492
audit,3.7041934291941545
sometimes,7.6022068844044215
tell,7.325601488071858
passion,54.94201116053894
looking,109.88402232107788
need,47.61640967246708
empowerment,4.102133437866192
remedy,4.102133437866192
modeling*,4.227072174474492
filenet,4.403163433530173
use,139.1864282733653
values,25.639605208251503
rd,14.816773716776618
engineer,25.92935400435908
that's,7.6022068844044215
curiosity,18.520967145970772
behavior,14.816773716776618
tables,21.976804464215576
adjust,3.8011034422022107
readiness,7.718190778359795
toward,7.325601488071858
cs,3.9260421788105107
aspects,3.662800744035929
name,3.662800744035929
race,40.29080818439522
writing,21.976804464215576
user,58.604811904574866
personalization,4.102133437866192
world,21.976804464215576
genetic,7.325601488071858
rollout,3.8590953891798976
operations/it,4.403163433530173
enhance,21.976804464215576
bit,8.010446849716272
shopping,28.036563974006953
crossdepartmental,4.005223424858136
wiki,3.8590953891798976
approaches,25.639605208251503
standardization,3.8011034422022107
dogfriendly,8.010446849716272
unlock,7.6022068844044215
<b>java/python,4.403163433530173
ste,4.102133437866192
genuine,8.010446849716272
fundamentals,7.718190778359795
outlook,3.7499509197548297
slides,4.102133437866192
consultative,3.7499509197548297
involved,3.662800744035929
pinpoint,8.454144348948985
da,12.306400313598575
they're,4.102133437866192
assists,3.662800744035929
maintaining,18.314003720179645
python/r,7.718190778359795
fixes,3.9260421788105107
dw/edw,8.204266875732383
ones,3.7041934291941545
decade,3.8590953891798976
devise,11.778126536431532
turn,7.325601488071858
rule,4.005223424858136
accountable,7.408386858388309
dental,25.639605208251503
experienceregulatory,4.403163433530173
live,14.651202976143717
practical,11.112580287582464
appreciate,3.8590953891798976
kinship,61.644288069422416
obsess,4.227072174474492
analytic,21.976804464215576
plusabout,4.102133437866192
motivated,3.662800744035929
lakes,15.204413768808843
clearly,10.988402232107788
sexual,40.29080818439522
review,10.988402232107788
three,7.325601488071858
aiml,8.806326867060346
run,10.988402232107788
translating,10.988402232107788
creativity,7.408386858388309
quadrants,4.227072174474492
sumifs,4.403163433530173
benefits*,7.852084357621021
units,7.325601488071858
notable,4.227072174474492
leave*,8.454144348948985
descriptive,3.7041934291941545
expressed,8.806326867060346
recruiter,11.403310326606633
huge,3.8011034422022107
accommodation,10.988402232107788
equivalent,32.965206696323364
lawwe,4.005223424858136
database,80.58161636879043
keenly,4.403163433530173
ssis,11.403310326606633
train,3.7041934291941545
shell,3.8011034422022107
practices,40.29080818439522
stipend,3.9260421788105107
mongodb,3.8590953891798976
prospects,7.6022068844044215
septa,4.227072174474492
uniqlo,4.403163433530173
medium,3.8011034422022107
blend,3.7499509197548297
download,3.8590953891798976
highperformance,3.8590953891798976
apis,14.816773716776618
foreign,3.8590953891798976
staff,18.314003720179645
healthy,7.325601488071858
hard,10.988402232107788
ip,3.9260421788105107
company,135.5236275293294
spenders,4.403163433530173
absolutely,3.9260421788105107
maximum,15.704168715242043
pursuit,4.005223424858136
workplace,7.325601488071858
storyteller,3.8590953891798976
bouncex,22.015817167650866
known's,4.403163433530173
king,4.227072174474492
experience*,10.988402232107788
backup,3.8011034422022107
kinship's,8.806326867060346
scrappy,8.204266875732383
glassdoor,3.9260421788105107
presentation,18.314003720179645
circumstances,4.403163433530173
synthesize,11.249852759264488
executive,10.988402232107788
threesided,4.403163433530173
every,54.94201116053894
television's,4.403163433530173
matching*,4.102133437866192
proficiency,40.29080818439522
insight,18.314003720179645
improved,7.325601488071858
economy,3.9260421788105107
alteryx,14.999803679019319
s*,4.403163433530173
departments,10.988402232107788
sequence,4.403163433530173
independence,3.8011034422022107
initiated,4.403163433530173
federal,3.662800744035929
crossplatform,4.227072174474492
â¦,4.227072174474492
retirement,11.112580287582464
weekly,3.662800744035929
disclaimer,3.8011034422022107
import,3.8011034422022107
â®,8.454144348948985
attitude,10.988402232107788
researches,3.8590953891798976
color,43.95360892843115
nafe's,4.403163433530173
and/or,40.29080818439522
fulltime,18.314003720179645
paced,14.651202976143717
intuitâs,4.403163433530173
infotreeâs,4.403163433530173
industry's,8.010446849716272
roledata,4.403163433530173
crm,7.325601488071858
abstract,4.005223424858136
village,4.227072174474492
sessionsalong,4.403163433530173
testimonials,4.403163433530173
houston,3.8590953891798976
constraints,7.6022068844044215
completely,7.852084357621021
risks,3.662800744035929
partnering,3.7041934291941545
aegis,8.454144348948985
stateoftheart,3.8011034422022107
founded,3.662800744035929
advising,4.005223424858136
opportunity,113.5468230651138
benefits,29.302405952287433
intellectual,11.249852759264488
apply,29.302405952287433
office,51.279210416503005
john,4.227072174474492
ideas,32.965206696323364
presents,3.8011034422022107
impacts,3.7041934291941545
graduate,3.7041934291941545
receive,21.976804464215576
auto,4.005223424858136
plymouth,4.227072174474492
bigtime,4.403163433530173
scientist,11.403310326606633
cool,4.005223424858136
flexible,40.29080818439522
spatial,25.362433046846952
education/experience,3.9260421788105107
identity,36.62800744035929
offering,14.651202976143717
occasional,7.4999018395096595
deep,29.302405952287433
buy,19.630210894052553
clientsâ,7.852084357621021
subsidiary,3.8590953891798976
cpg,12.681216523423476
latest,18.314003720179645
focus,21.976804464215576
open,18.314003720179645
another,3.662800744035929
tailored,3.9260421788105107
clients/brands,4.403163433530173
optimized,3.8590953891798976
jazzhrjob,8.010446849716272
connections,7.4999018395096595
hour,3.662800744035929
background,7.325601488071858
appealing,4.227072174474492
applicant,14.651202976143717
leads,7.408386858388309
regarding,3.662800744035929
favorite,4.102133437866192
field/position,4.403163433530173
raw,7.325601488071858
bi,62.26761264861079
validating,7.325601488071858
empowered,3.8590953891798976
knowledgeable,3.7499509197548297
memorable,8.454144348948985
assignments,10.988402232107788
c#,7.6022068844044215
operations,25.639605208251503
strengths,7.4999018395096595
transfers,4.005223424858136
path,3.7499509197548297
doubleclick,4.403163433530173
fleishmanhillard,26.418980601181037
except,4.102133437866192
documenting,3.662800744035929
past,14.999803679019319
vendors,3.7041934291941545
synthesizing,3.8011034422022107
month,18.74975459877415
beloved,4.102133437866192
quarterly,25.639605208251503
secondary,11.249852759264488
defects,3.8590953891798976
speak,3.7041934291941545
