stocked,11.778126536431532
funding,11.403310326606633
alongside,14.816773716776618
federal,3.662800744035929
professional,51.279210416503005
yearsã¢,4.403163433530173
participated,4.227072174474492
extension,4.005223424858136
esri,4.227072174474492
distinctive,3.9260421788105107
judgement,3.9260421788105107
roles,10.988402232107788
stack,7.408386858388309
mandatories,4.403163433530173
solutionsquinstreet,4.403163433530173
audiences,25.639605208251503
cutting,11.403310326606633
examining,3.9260421788105107
formats,3.7499509197548297
good,76.91881562475452
fluent,7.6022068844044215
class,10.988402232107788
mentor,3.7041934291941545
specialist,3.7041934291941545
coordinating,3.662800744035929
realm,4.227072174474492
maintain,58.604811904574866
prominent,4.005223424858136
copyright,8.204266875732383
anticipate,3.7041934291941545
problem,43.95360892843115
due,10.988402232107788
tactics,3.8590953891798976
cto,8.204266875732383
makes,3.662800744035929
bounce,4.102133437866192
scrub,4.227072174474492
forging,4.227072174474492
fun,18.520967145970772
process,76.91881562475452
spent,3.9260421788105107
transfers,4.005223424858136
companyã¢s,8.806326867060346
ansi,8.454144348948985
ingest,8.204266875732383
audience,21.976804464215576
matter,36.62800744035929
communities,7.325601488071858
core,32.965206696323364
spreadsheet,7.4999018395096595
scientist,11.403310326606633
statusjob,3.8590953891798976
evolve,3.7499509197548297
mixture,8.454144348948985
trafficking,4.102133437866192
blk,8.806326867060346
fridays,8.204266875732383
provide,95.23281934493416
objects,18.314003720179645
found,7.6022068844044215
regarding,3.662800744035929
store,3.8011034422022107
rights,3.8590953891798976
undertones,26.418980601181037
breakdowndaily,4.403163433530173
paired,4.227072174474492
validation,3.662800744035929
events,10.988402232107788
seek,21.976804464215576
cable,4.227072174474492
value,29.302405952287433
interactive,18.520967145970772
and/or,40.29080818439522
minds,12.015670274574408
privately,7.852084357621021
provides,14.651202976143717
link,3.662800744035929
headquartered,3.662800744035929
direct,40.29080818439522
layout,4.005223424858136
churn,16.408533751464766
significant,14.651202976143717
gathering,21.976804464215576
w,15.43638155671959
agile,29.302405952287433
embrace,3.662800744035929
pave,4.403163433530173
plan,51.279210416503005
defined,10.988402232107788
gcp,3.9260421788105107
experiences,47.61640967246708
achieve,14.651202976143717
indexing,8.204266875732383
optimizations,3.8590953891798976
logic,23.154572335079386
writing,21.976804464215576
spanning,3.8590953891798976
monitoring,14.651202976143717
transparency,3.662800744035929
peak,4.227072174474492
regards,7.718190778359795
possession,4.005223424858136
lake,7.6022068844044215
millions,11.112580287582464
question,23.154572335079386
hot,4.005223424858136
advantage,10.988402232107788
derive,3.662800744035929
systems,95.23281934493416
provided,10.988402232107788
single,11.112580287582464
strengths,7.4999018395096595
technologywe,4.403163433530173
analyst/data,3.9260421788105107
measures,3.662800744035929
hardworking,8.010446849716272
claim,7.6022068844044215
energy,18.520967145970772
product,153.83763124950903
consulting,14.651202976143717
principles,18.314003720179645
lawqa,4.403163433530173
gets,3.8590953891798976
disposition,4.102133437866192
citizenship,3.662800744035929
creativity,7.408386858388309
aspects,3.662800744035929
picture,11.249852759264488
leader,18.314003720179645
backend,7.4999018395096595
google,14.816773716776618
inconsistencies,3.7499509197548297
missiondriven,3.9260421788105107
write,18.314003720179645
hiring,7.325601488071858
standard,18.314003720179645
fed,4.102133437866192
largest,10.988402232107788
american,7.4999018395096595
framework,10.988402232107788
null,13.209490300590518
knowledgeable,3.7499509197548297
flex,8.010446849716272
unlock,7.6022068844044215
deductive,4.227072174474492
phases,3.7499509197548297
listening,3.7499509197548297
extent,3.9260421788105107
estate,3.8011034422022107
impacting,3.8590953891798976
editorial,4.102133437866192
tagging,4.005223424858136
engineering*,4.227072174474492
base,14.651202976143717
attention,18.314003720179645
synchronized,8.454144348948985
eliminations,4.403163433530173
straightforward,4.102133437866192
essential,7.408386858388309
broader,3.662800744035929
predict,3.8011034422022107
proprietary,3.7041934291941545
blending,3.8011034422022107
database,80.58161636879043
leads,7.408386858388309
state,10.988402232107788
hearing,3.9260421788105107
submit,7.325601488071858
liaison,3.7041934291941545
discuss,3.7499509197548297
nonmathematical,4.403163433530173
location,36.62800744035929
valid,3.7499509197548297
cupertino,7.852084357621021
wwwintrolligentcom,4.403163433530173
details,14.651202976143717
category,7.408386858388309
export,15.704168715242043
install,4.102133437866192
adopt,3.8590953891798976
track,25.639605208251503
cool,4.005223424858136
loggedin,4.403163433530173
assists,3.662800744035929
also,58.604811904574866
fuzzy,4.227072174474492
gl,3.9260421788105107
effective,14.651202976143717
abilities,7.325601488071858
delivered,7.4999018395096595
courageous,8.204266875732383
summarizing,15.204413768808843
disability,47.61640967246708
events*,4.102133437866192
mediamath's,4.403163433530173
discrimination/harassment,8.806326867060346
partnerships,7.4999018395096595
r,43.95360892843115
willingness,21.976804464215576
tracking,14.651202976143717
collaboration,3.662800744035929
vlookup,3.8011034422022107
extendable,4.102133437866192
plymouth,4.227072174474492
total,3.662800744035929
growing,36.62800744035929
ft,3.9260421788105107
utilizing,7.325601488071858
bouncex,22.015817167650866
fl,3.9260421788105107
strategies,14.651202976143717
metricsskills,4.403163433530173
beneficial,3.8590953891798976
characteristic,14.651202976143717
features,21.976804464215576
customer,91.57001860089822
religion,32.965206696323364
intermediate,7.325601488071858
specializes,3.9260421788105107
traceability,3.8590953891798976
spearhead,8.204266875732383
generous,14.651202976143717
memorable,8.454144348948985
junior,3.7041934291941545
websites,3.8590953891798976
use,139.1864282733653
study,7.325601488071858
behaviors,11.403310326606633
bridging,4.102133437866192
concise,18.520967145970772
market/customer,4.403163433530173
resume,21.976804464215576
date,7.325601488071858
next,25.639605208251503
lean,3.7041934291941545
request,18.314003720179645
tuition,3.662800744035929
retirement,11.112580287582464
narratives,3.9260421788105107
economics,18.314003720179645
uat,3.8011034422022107
keeping,3.7041934291941545
pets,42.270721744744925
customized,11.112580287582464
dental,25.639605208251503
rd,14.816773716776618
region,7.852084357621021
centralized,3.8011034422022107
toolsets,3.9260421788105107
outcomes,18.314003720179645
ecosystem,22.225160575164928
skilled,14.999803679019319
dating,4.403163433530173
environmentally,4.403163433530173
postgresql,7.6022068844044215
varying,3.7499509197548297
across,161.16323273758087
progressively,3.8590953891798976
content,32.965206696323364
recognize,3.662800744035929
leave*,8.454144348948985
qlikview,3.8011034422022107
orientation,40.29080818439522
sql/python,4.403163433530173
trapping,4.403163433530173
military,3.7041934291941545
matching,44.450321150329856
get,25.639605208251503
doeyou,8.806326867060346
west,3.9260421788105107
documenting,3.662800744035929
resultsundertone,4.403163433530173
background,7.325601488071858
weâve,7.718190778359795
player,21.976804464215576
sense,7.325601488071858
sql/r/python,4.403163433530173
led,3.8590953891798976
invoices,3.9260421788105107
way,40.29080818439522
petcare,17.61265373412069
obsessed,4.005223424858136
â®,8.454144348948985
analyzes,3.7041934291941545
visitors,4.102133437866192
effort,3.662800744035929
patching,8.454144348948985
larger,7.718190778359795
science,139.1864282733653
consumers,51.279210416503005
john,4.227072174474492
client's,3.8011034422022107
simplifying,3.8590953891798976
come,21.976804464215576
scope,18.520967145970772
views,25.639605208251503
lifetime,12.015670274574408
treatments,8.204266875732383
involving,7.408386858388309
matches,8.204266875732383
etl,36.62800744035929
datadue,4.403163433530173
custom,37.4995091975483
equal,47.61640967246708
manages,3.7041934291941545
invest,3.7499509197548297
beginning,7.718190778359795
eg,43.95360892843115
result,10.988402232107788
immediate,11.112580287582464
strategy,51.279210416503005
high,47.61640967246708
figure,3.8011034422022107
openend,4.403163433530173
interacting,3.7499509197548297
engagement,14.651202976143717
one,47.61640967246708
follow,7.325601488071858
cc,4.005223424858136
personnel,11.249852759264488
used,10.988402232107788
reusable,4.227072174474492
recently,7.408386858388309
bolstering,4.403163433530173
procedures,62.26761264861079
part,51.279210416503005
evergrowing,4.102133437866192
networks,14.816773716776618
magazines,4.403163433530173
bachelor,10.988402232107788
look,18.314003720179645
index,3.9260421788105107
ste,4.102133437866192
wide,29.302405952287433
opentext,4.403163433530173
â¢,385.2361166361921
guidance,3.662800744035929
graduate,3.7041934291941545
smack,4.403163433530173
owner,3.7041934291941545
nontechnical,10.988402232107788
scrumbased,4.403163433530173
reduce,3.7041934291941545
problems,58.604811904574866
diverse,25.639605208251503
whatâs,11.403310326606633
stored,33.33774086274739
adjust,3.8011034422022107
firm's,4.102133437866192
ambitious,11.112580287582464
consumption,11.403310326606633
bagel,4.102133437866192
familiarity,40.29080818439522
requests,36.62800744035929
haves,7.718190778359795
buy,19.630210894052553
online,40.29080818439522
performing,10.988402232107788
deadlines,14.651202976143717
degrees,3.7499509197548297
orchestrate,4.005223424858136
software,102.55842083300601
conferences,3.7041934291941545
member,29.302405952287433
wanamakerâs,4.403163433530173
tribune,4.403163433530173
democratise,8.806326867060346
friendly,3.7499509197548297
there's,8.010446849716272
goalsetting,4.403163433530173
yoga,4.005223424858136
smallest,4.403163433530173
handling,7.408386858388309
format,3.7041934291941545
boston,4.102133437866192
optimize,18.314003720179645
adaptable,3.8011034422022107
experienceregulatory,4.403163433530173
annual,14.816773716776618
birmingham,4.403163433530173
dedicated,3.662800744035929
cimp,4.403163433530173
centers,3.7499509197548297
packages,14.651202976143717
attributes,18.74975459877415
career,29.302405952287433
gamechanging,4.227072174474492
though,7.6022068844044215
regulatory,29.302405952287433
modify,7.4999018395096595
comfortable,21.976804464215576
trends/forecasting,4.403163433530173
manipulating,3.7041934291941545
shared,14.651202976143717
quotative,4.403163433530173
operating,14.651202976143717
algorithms,36.62800744035929
browserbased,8.806326867060346
diagrams,7.408386858388309
inclusion,11.112580287582464
characteristics,11.112580287582464
professionalservices,4.403163433530173
sondhiya,4.403163433530173
analysis,282.03565729076655
purposefully,8.204266875732383
thoughtspot,4.227072174474492
pet,49.2256012543943
summer,4.102133437866192
prepare,18.520967145970772
detectionthis,4.403163433530173
broadcaster,4.403163433530173
officially,4.403163433530173
moving,3.7041934291941545
proposals,3.7499509197548297
computer,87.9072178568623
suite,25.639605208251503
auto,4.005223424858136
modules,7.718190778359795
customers,51.279210416503005
million,7.4999018395096595
realizing,4.227072174474492
documented,3.7041934291941545
apartment,8.806326867060346
per,18.314003720179645
validate,3.662800744035929
findings,51.279210416503005
program,25.639605208251503
sub,3.9260421788105107
relevance,3.8590953891798976
foreign,3.8590953891798976
molding,4.227072174474492
veteran,32.965206696323364
management,161.16323273758087
developmentadvertising,4.403163433530173
ongoing,7.325601488071858
located,29.633547433553236
mediamath,22.015817167650866
confidentiality,3.7499509197548297
say,7.6022068844044215
dogs,4.227072174474492
actuarial,7.718190778359795
schedules,7.408386858388309
gis,35.334379609294594
completing,3.7499509197548297
smooth,3.9260421788105107
hour,3.662800744035929
employermethods+mastery,4.403163433530173
organizational,25.639605208251503
especially,3.7041934291941545
keys,16.90828869789797
reengineering,3.8011034422022107
pleased,12.015670274574408
proven,25.639605208251503
lakes,15.204413768808843
mix,3.7041934291941545
bsa,4.102133437866192
requiredmediamath,4.403163433530173
elimination,4.227072174474492
excel,106.22122157704194
pushnami,35.22530746824138
solutions,128.19802604125752
mscs,4.403163433530173
da,12.306400313598575
scraping,4.403163433530173
mysql*,8.806326867060346
accurate,10.988402232107788
role,135.5236275293294
presentations,18.314003720179645
nice,3.8011034422022107
stories,18.314003720179645
fellow,12.015670274574408
considering,7.6022068844044215
sql,197.79124017794018
acumen,7.325601488071858
suggestions,3.7499509197548297
timeliness,7.408386858388309
master's,3.662800744035929
bigquery,3.8590953891798976
onboard,3.8590953891798976
serving,7.325601488071858
exercise,3.8011034422022107
staff,18.314003720179645
uses,14.651202976143717
automations,4.005223424858136
records,3.7041934291941545
trade,3.8590953891798976
farm,4.403163433530173
volunteer,3.7041934291941545
managing,40.29080818439522
aegisâ,4.403163433530173
sop,4.005223424858136
petfriendly,4.403163433530173
checking,4.005223424858136
fyi,8.806326867060346
interpreting,14.816773716776618
behalf,3.8011034422022107
crossfunctionally,7.4999018395096595
transitioned,4.102133437866192
city,14.651202976143717
enoughâ,4.403163433530173
measurable,10.988402232107788
flexible,40.29080818439522
mission,54.94201116053894
understood,3.7041934291941545
partners,62.26761264861079
love,43.95360892843115
clients',3.8011034422022107
selfmotivated,3.662800744035929
possesses,3.8590953891798976
market,40.29080818439522
kpi,7.325601488071858
https//wwwlinkedincom/in/sachinsondhiya/,4.403163433530173
however,3.8011034422022107
wwwinfotreeglobalcom,4.403163433530173
experience/skills,4.102133437866192
utilize,10.988402232107788
national,40.29080818439522
require,40.29080818439522
assess,10.988402232107788
centennial,8.204266875732383
sumifs,4.403163433530173
relevant,36.62800744035929
visualizing,7.852084357621021
k*,4.403163433530173
kegerator,4.403163433530173
unhealthy,4.403163433530173
rapport,8.010446849716272
crain's,4.102133437866192
descriptive,3.7041934291941545
affiliates,4.005223424858136
speak,3.7041934291941545
synthesizing,3.8011034422022107
side,3.7041934291941545
mysql,11.249852759264488
risktaking,4.227072174474492
expectations,3.662800744035929
executing,10.988402232107788
hb,3.8011034422022107
log,7.852084357621021
path,3.7499509197548297
statistical,73.25601488071858
templates,3.7041934291941545
setup,7.718190778359795
notable,4.227072174474492
committed,29.302405952287433
provocative,8.806326867060346
vision,32.965206696323364
communicate,65.93041339264673
customersã¢,4.403163433530173
uml,4.227072174474492
sees,4.005223424858136
landscape,3.8011034422022107
ga,7.852084357621021
enjoy,7.408386858388309
field/position,4.403163433530173
drives,21.976804464215576
individual,18.314003720179645
via,18.314003720179645
implemented,3.662800744035929
maps,3.7041934291941545
adtech,17.61265373412069
mob,4.227072174474492
it*,4.403163433530173
pilot,3.8590953891798976
applying,29.302405952287433
nafe's,4.403163433530173
coupled,3.8011034422022107
prerequisite,4.102133437866192
innovators,3.8590953891798976
break,3.7499509197548297
facilitate,3.662800744035929
grown,3.8011034422022107
kpidriven,4.403163433530173
encourage,7.408386858388309
verify,11.403310326606633
privacy,7.325601488071858
monthly,21.976804464215576
persons,3.7499509197548297
backup,3.8011034422022107
python/r,7.718190778359795
within,113.5468230651138
translate,54.94201116053894
ways,18.314003720179645
userfriendly,3.9260421788105107
hive,7.408386858388309
rule,4.005223424858136
completionthis,4.403163433530173
truly,7.4999018395096595
seems,4.227072174474492
ingestion,11.112580287582464
methodology,7.325601488071858
alist,4.403163433530173
please,29.302405952287433
integrations,3.7499509197548297
work,479.8268974687067
quantify,3.7499509197548297
ourtime,4.403163433530173
nltk,4.403163433530173
repetitive,3.8590953891798976
engineers,25.639605208251503
groundbreaking,3.9260421788105107
minorities,3.8011034422022107
quinstreet,8.806326867060346
origin,40.29080818439522
daytoday,18.74975459877415
ancestry,14.651202976143717
guidelinesabout,4.403163433530173
show,3.7499509197548297
cast,4.005223424858136
advanced,91.57001860089822
walkthrough,4.227072174474492
edw,3.9260421788105107
triggered,4.227072174474492
compile,3.8011034422022107
slides,4.102133437866192
view,14.651202976143717
certified,11.249852759264488
enabling,7.325601488071858
sets,69.59321413668265
smartwebs,4.403163433530173
recruiterdigital,4.403163433530173
teams,150.1748305054731
international,7.408386858388309
little,3.7499509197548297
document,29.302405952287433
programs,47.61640967246708
matrix,3.7499509197548297
basic,25.639605208251503
analysis/engineeringthe,4.403163433530173
clinical,7.4999018395096595
breakdown*,4.403163433530173
dental/,4.403163433530173
allows,7.408386858388309
stage,7.4999018395096595
transformation,3.662800744035929
ngos,4.403163433530173
msee,4.403163433530173
interpretation,22.225160575164928
person's,4.102133437866192
evolution,3.8590953891798976
$,21.976804464215576
specific,25.639605208251503
bigtime,4.403163433530173
leaning,4.102133437866192
academic,3.7041934291941545
datasets,43.95360892843115
regions,3.7499509197548297
past,14.999803679019319
macros,3.7499509197548297
actually,4.005223424858136
intuit,4.227072174474492
compliance,25.639605208251503
motivation,7.852084357621021
th,7.4999018395096595
youâll,7.325601488071858
lawa,4.403163433530173
unlimited,14.999803679019319
text,3.7499509197548297
action,14.651202976143717
july,4.005223424858136
paid,47.61640967246708
officer,3.7041934291941545
s*,4.403163433530173
distinguishes,4.403163433530173
held,7.718190778359795
curiosity,18.520967145970772
student,3.8590953891798976
authorization,11.249852759264488
ready,7.325601488071858
particular,3.662800744035929
fresh,11.577286167539693
bigdata,3.8590953891798976
scrum,3.8011034422022107
in*,4.403163433530173
assistance,25.639605208251503
strongly,14.999803679019319
desktops,4.403163433530173
perceptions,8.010446849716272
impressions,4.403163433530173
assets,7.325601488071858
solutioning,4.403163433530173
test,40.29080818439522
decentralized,8.454144348948985
teamthe,4.227072174474492
clientsâ,7.852084357621021
hungry,8.010446849716272
genetic,7.325601488071858
word,11.112580287582464
wave,12.681216523423476
engineer,25.92935400435908
guide,14.651202976143717
nature,7.408386858388309
python*,8.454144348948985
constantly,14.816773716776618
vacation,14.651202976143717
bit,8.010446849716272
bpm,4.227072174474492
emotion,4.403163433530173
increasing,3.7041934291941545
media,176.247693228477
old,3.9260421788105107
voice,3.7499509197548297
governance,7.325601488071858
undertone,8.806326867060346
compelling,21.976804464215576
optimistic,8.806326867060346
optimization,54.94201116053894
synthesize,11.249852759264488
executives,7.325601488071858
exponential,7.852084357621021
veracity,4.227072174474492
fulfills,4.227072174474492
pulling,7.4999018395096595
refining,3.7499509197548297
clientâs,19.005517211011053
handle,3.662800744035929
wellregarded,4.227072174474492
run,10.988402232107788
interpersonal,3.662800744035929
weve,4.102133437866192
persistently,4.227072174474492
expected,10.988402232107788
optimized,3.8590953891798976
kinship's,8.806326867060346
ppt,3.9260421788105107
personalization,4.102133437866192
git,3.8590953891798976
analystpowering,4.403163433530173
interactions*,4.102133437866192
reports*,3.9260421788105107
changing,14.651202976143717
majority,3.9260421788105107
anayst,4.227072174474492
warehouse,7.325601488071858
superb,3.8590953891798976
payments,11.112580287582464
resolution,14.651202976143717
owning,3.7499509197548297
sciences,18.520967145970772
lifecycle,10.988402232107788
description,106.22122157704194
upload,7.6022068844044215
concentration,3.8590953891798976
doors,8.010446849716272
uphold,4.005223424858136
modelling,14.816773716776618
screens,4.005223424858136
scale,18.314003720179645
push,26.249656438283807
nosql,3.7499509197548297
processing,18.314003720179645
retention,14.999803679019319
nimble,7.6022068844044215
practices,40.29080818439522
design,131.86082678529345
challenge,7.325601488071858
mark,4.005223424858136
organization,65.93041339264673
queries,47.61640967246708
given,10.988402232107788
places,14.999803679019319
distilling,8.204266875732383
true,3.8590953891798976
distribution,3.7041934291941545
gartner,4.227072174474492
bank's,3.8590953891798976
grafana/tableau/power,8.806326867060346
developer,7.325601488071858
doubleclick,4.403163433530173
offerings,11.112580287582464
they're,4.102133437866192
python/spss/sas/r,4.403163433530173
environment,150.1748305054731
cleaning/qa,4.227072174474492
aggressively,4.403163433530173
housing,4.102133437866192
update,11.112580287582464
eight,3.9260421788105107
presents,3.8011034422022107
tansib@infotreeglobalcom#covidgreetings,4.403163433530173
guidewire,32.81706750292953
vison,8.010446849716272
delivery,10.988402232107788
prides,4.227072174474492
cartographic,8.806326867060346
corporate,10.988402232107788
array,3.7041934291941545
sachins@infotreeglobalcom,8.806326867060346
forward,22.225160575164928
understanding,120.87242455318567
automates,4.102133437866192
today,21.976804464215576
partner,51.279210416503005
temporarily,4.005223424858136
may,32.965206696323364
table,7.4999018395096595
helps,10.988402232107788
confidential,10.988402232107788
â,4.403163433530173
facing,14.999803679019319
strives,3.9260421788105107
looker*,4.403163433530173
visualization,51.279210416503005
trends,73.25601488071858
received,7.718190778359795
onlinescale,4.403163433530173
stats,4.403163433530173
year,32.965206696323364
learn,62.26761264861079
attitude,10.988402232107788
mindset,11.112580287582464
pharmaceutical,3.8011034422022107
budget,11.249852759264488
holistically,4.227072174474492
less,7.4999018395096595
fundamentals,7.718190778359795
datarelationships,4.403163433530173
full,21.976804464215576
tasks,25.639605208251503
hadoop,3.662800744035929
collectively,4.227072174474492
net,3.7499509197548297
cant,4.227072174474492
visit,7.325601488071858
positive,14.651202976143717
interests,3.7499509197548297
/,69.59321413668265
messages,7.718190778359795
contribute,25.639605208251503
exceed,3.9260421788105107
supervision,7.325601488071858
interesting,3.7041934291941545
udms,17.61265373412069
wider,4.005223424858136
merchants,4.102133437866192
sensor,4.227072174474492
edge,11.403310326606633
updating,3.8011034422022107
specs,3.8011034422022107
sdlc,3.7499509197548297
assisting,11.112580287582464
order,14.651202976143717
brand,11.112580287582464
staffing,3.8590953891798976
rules,14.651202976143717
varied,7.6022068844044215
video,11.249852759264488
prospects,7.6022068844044215
engineered,4.403163433530173
outlook,3.7499509197548297
considered,14.651202976143717
aggregates,4.102133437866192
rich,30.87276311343918
yearly,7.852084357621021
highlyvalued,4.403163433530173
services,32.965206696323364
inline,4.102133437866192
created,3.662800744035929
transform,18.314003720179645
gw,4.403163433530173
except,4.102133437866192
costs,3.7041934291941545
c#,7.6022068844044215
classified,3.8590953891798976
bills,4.227072174474492
âperson,4.403163433530173
gathered,3.7499509197548297
environments,7.325601488071858
creatives,4.227072174474492
ultimately,3.7041934291941545
shell,3.8011034422022107
complexity,3.7499509197548297
versatile,4.102133437866192
align,11.112580287582464
including,168.48883422565274
took,4.403163433530173
achieving,3.7499509197548297
product's,4.227072174474492
buildings,4.227072174474492
effies,4.403163433530173
hope,7.718190778359795
security,3.662800744035929
restless,4.403163433530173
proposition,4.005223424858136
initiated,4.403163433530173
a/b,29.302405952287433
influence,10.988402232107788
fulltime,18.314003720179645
alteryx,14.999803679019319
methodical,3.8590953891798976
startup,14.816773716776618
multiproject,4.403163433530173
easytounderstand,4.102133437866192
legal,3.662800744035929
overservicing,4.403163433530173
receive,21.976804464215576
minimization,4.403163433530173
adapt,25.639605208251503
specifications,21.976804464215576
interact,10.988402232107788
assist,51.279210416503005
organized,18.314003720179645
superior,14.999803679019319
simplest,8.806326867060346
healthy,7.325601488071858
seen,3.9260421788105107
headcount,4.102133437866192
hit,7.718190778359795
clientsjob,4.227072174474492
driven,21.976804464215576
continuously,21.976804464215576
environmenteducationbachelor's,4.403163433530173
encompasses,4.102133437866192
remediation,3.7041934291941545
convert,3.7041934291941545
problemsolver,8.010446849716272
cost,7.325601488071858
travel,7.325601488071858
employersponsored,4.227072174474492
gives,3.9260421788105107
exciting,7.325601488071858
natural,3.7499509197548297
office,51.279210416503005
purchase,7.4999018395096595
redshift,7.408386858388309
behavior,14.816773716776618
summary,7.325601488071858
canât,3.9260421788105107
towards,21.976804464215576
max/min,4.403163433530173
alerts,7.408386858388309
possible,18.314003720179645
analysthearst,4.403163433530173
revenue,25.639605208251503
personal,10.988402232107788
drive,102.55842083300601
vital,7.4999018395096595
unlocks,8.806326867060346
experiencewhat,4.403163433530173
hana,4.102133437866192
attribution,3.8011034422022107
desire,29.302405952287433
workfromhome,3.9260421788105107
deploy,7.408386858388309
accomplishes,4.227072174474492
key,124.53522529722159
multitasking,11.249852759264488
applications,21.976804464215576
execution,10.988402232107788
move,7.408386858388309
fieldcompany,4.403163433530173
usps,8.454144348948985
independence,3.8011034422022107
facilities,7.6022068844044215
large,73.25601488071858
determining,3.7499509197548297
lines,3.662800744035929
gym,7.718190778359795
account,32.965206696323364
connections,7.4999018395096595
groovy,4.403163433530173
language/tools,4.403163433530173
arearequired,4.403163433530173
authorized,15.204413768808843
onthefly,4.403163433530173
prospect,3.8011034422022107
help,102.55842083300601
supporting,29.302405952287433
lighting,4.227072174474492
training,14.651202976143717
predictive,18.314003720179645
schema,3.8011034422022107
official,4.005223424858136
accounting,3.662800744035929
ie,14.816773716776618
masterâs,7.325601488071858
sources,84.24441711282637
mosaic,35.22530746824138
six,7.6022068844044215
loggedout,4.403163433530173
charts,7.325601488071858
direction,3.662800744035929
maximum,15.704168715242043
investigate,3.7041934291941545
technological,7.718190778359795
effectiveness,25.92935400435908
communicators,8.806326867060346
build,91.57001860089822
steeped,4.403163433530173
workshops,3.7499509197548297
pivotal,4.005223424858136
history,3.7499509197548297
focused,14.651202976143717
devoted,4.102133437866192
advisors,3.8590953891798976
allow,15.204413768808843
issues,58.604811904574866
cases,21.976804464215576
visual,3.662800744035929
hierarchy,3.9260421788105107
temporary,3.8011034422022107
powerpoint,25.639605208251503
energize,4.403163433530173
targeted,3.8011034422022107
makers,7.4999018395096595
statusplease,4.227072174474492
abstracting,4.227072174474492
whatever,3.9260421788105107
involves,3.7499509197548297
flourish,4.102133437866192
email,43.95360892843115
splitting,4.403163433530173
requires,10.988402232107788
ruby,8.010446849716272
updated,3.7041934291941545
task,3.7499509197548297
competitive,40.29080818439522
journey,14.816773716776618
metadata,10.988402232107788
criticality,4.227072174474492
growth,58.604811904574866
ã¢åscaling,4.403163433530173
concerns,3.7041934291941545
summaries,3.8590953891798976
appends,4.227072174474492
marketing,230.75644687426353
regression,10.988402232107788
potential,7.325601488071858
jazzhrundertone,4.403163433530173
afraid,7.852084357621021
chief,3.662800744035929
forming,4.227072174474492
informatica,3.7041934291941545
helped,3.9260421788105107
risk,47.61640967246708
analytical,157.50043199354496
multidimensional,4.005223424858136
querying,10.988402232107788
topics/processes/problems,4.403163433530173
size,11.112580287582464
sexual,40.29080818439522
eager,11.577286167539693
reengagement,8.010446849716272
sharing,3.662800744035929
various,51.279210416503005
vs,3.8011034422022107
error,3.8590953891798976
scorecards,3.7499509197548297
scikitlearn,4.005223424858136
need,47.61640967246708
shades,4.227072174474492
country,3.662800744035929
bonds,4.227072174474492
character,4.227072174474492
hearst,13.209490300590518
alm,4.227072174474492
experiencedesired,4.403163433530173
<b>design,4.403163433530173
nyc,19.005517211011053
dull,4.403163433530173
status,91.57001860089822
protected,29.302405952287433
nythe,4.403163433530173
client,175.8144357137246
iii,3.8590953891798976
sr,3.662800744035929
gtm,4.005223424858136
company's,3.7041934291941545
world's,7.325601488071858
inventory,14.816773716776618
recruiter,11.403310326606633
scrubbing,8.204266875732383
inclusive,18.314003720179645
includes,32.965206696323364
free,3.662800744035929
reality,8.010446849716272
leak,4.227072174474492
innovations,3.8011034422022107
person,25.639605208251503
powered,22.499705518528977
reliable,3.662800744035929
connect,14.999803679019319
become,14.816773716776618
terms,7.325601488071858
happiness,4.005223424858136
remedy,4.102133437866192
eliciting,4.102133437866192
energetic,3.7499509197548297
analyticsbased,4.403163433530173
acquisition,14.651202976143717
knowledge,197.79124017794018
disaster,3.8011034422022107
mental,3.662800744035929
every,54.94201116053894
optionsjob,4.227072174474492
servers,3.9260421788105107
dependencies,3.8590953891798976
pairs,4.227072174474492
simplify,3.8011034422022107
balance,3.662800744035929
preferred,135.5236275293294
remote,10.988402232107788
bigger,8.010446849716272
wednesdays,4.227072174474492
required,109.88402232107788
initiatives,36.62800744035929
solution,21.976804464215576
funnels,3.9260421788105107
adhoc,25.639605208251503
agreements,3.8011034422022107
indexes,4.102133437866192
sheild,4.403163433530173
adapts,4.005223424858136
dashboards,62.26761264861079
intuition,4.005223424858136
scientific,7.718190778359795
lawwe,4.005223424858136
target,32.965206696323364
recruitment,7.325601488071858
continue,3.662800744035929
future,43.95360892843115
wholly,3.9260421788105107
downstream,3.7041934291941545
projectâs,4.403163433530173
multivariate,3.7499509197548297
exact,4.102133437866192
known,25.92935400435908
shortterm,3.8011034422022107
notifications,15.704168715242043
empowered,3.8590953891798976
best,84.24441711282637
agencies,25.639605208251503
sas,3.662800744035929
oriented,7.325601488071858
casual,7.6022068844044215
genetics,3.8590953891798976
creating,76.91881562475452
pulled,4.102133437866192
extracting,7.4999018395096595
financial,32.965206696323364
completed,7.325601488071858
smg,4.403163433530173
applied,18.314003720179645
among,10.988402232107788
ensures,3.7041934291941545
collaborator,3.9260421788105107
brings,7.408386858388309
etc,65.93041339264673
excellent,84.24441711282637
install/update,4.403163433530173
telephone,3.8011034422022107
jazzhrdata,4.227072174474492
vistrada,8.806326867060346
thru,8.010446849716272
days,7.325601488071858
yearsâ,3.7041934291941545
networksour,4.403163433530173
weâre,18.314003720179645
months+quadratic,4.403163433530173
availability,7.4999018395096595
present,25.639605208251503
public,40.29080818439522
packs,4.403163433530173
interview,7.325601488071858
practice,10.988402232107788
citibike,4.403163433530173
constraints,7.6022068844044215
addition,14.651202976143717
acosta/mosaic,4.403163433530173
trainer,4.227072174474492
mi,4.005223424858136
identifying,29.302405952287433
requirement,18.520967145970772
education,43.95360892843115
leadership,21.976804464215576
successfully,7.325601488071858
empowering,3.8590953891798976
voted,4.102133437866192
primary,29.302405952287433
union,7.718190778359795
road,4.005223424858136
obtain,7.408386858388309
maintenance,7.325601488071858
beloved,4.102133437866192
reading,3.7499509197548297
easily,7.325601488071858
quarterly,25.639605208251503
benefitapplicants,4.403163433530173
<b>java/python,4.403163433530173
forefront,3.9260421788105107
workflow,7.408386858388309
plusabout,4.102133437866192
newly,7.4999018395096595
festival,4.403163433530173
incremental,4.102133437866192
basis,40.29080818439522
relationships,47.61640967246708
economy,3.9260421788105107
leading,21.976804464215576
mass,3.8590953891798976
generation,10.988402232107788
premier,3.7499509197548297
must,91.57001860089822
chance,3.662800744035929
visibility,15.204413768808843
material,10.988402232107788
thoughtful,11.403310326606633
audible,4.403163433530173
describe,3.7041934291941545
countries,14.816773716776618
aiml,8.806326867060346
research,47.61640967246708
feeling,4.227072174474492
zero,8.454144348948985
improvement,25.639605208251503
undeniable,4.227072174474492
better,62.26761264861079
pacing,4.403163433530173
selfmotivation,3.8590953891798976
drinks,4.005223424858136
pointed,4.403163433530173
environmentexperience,4.403163433530173
geography,8.010446849716272
mdm,7.6022068844044215
regulations,3.662800744035929
envision,4.227072174474492
ones,3.7041934291941545
cart,12.681216523423476
hipaa,4.102133437866192
month,18.74975459877415
segment,7.408386858388309
subsidiary,3.8590953891798976
stipend,3.9260421788105107
responsive,3.9260421788105107
covid,11.249852759264488
chicago,7.408386858388309
jazzhrthis,4.403163433530173
parental,7.4999018395096595
insight,18.314003720179645
confirm,7.6022068844044215
exists,3.8590953891798976
archival,4.403163433530173
amount,7.718190778359795
sessionsalong,4.403163433530173
tough,7.718190778359795
intellectual,11.249852759264488
abstract,4.005223424858136
demonstrated,36.62800744035929
hubs/data,8.204266875732383
salaries,4.005223424858136
london,11.778126536431532
philadelphia,11.403310326606633
expect,3.7041934291941545
medical,29.302405952287433
maintains,3.7041934291941545
retain,7.852084357621021
facebook,3.7041934291941545
python/java,4.227072174474492
online/offline/search/social,4.403163433530173
refine,7.6022068844044215
create,109.88402232107788
excellence,10.988402232107788
time,106.22122157704194
myriad,4.227072174474492
indicators,7.325601488071858
healthcare,3.662800744035929
finding,10.988402232107788
properties,7.852084357621021
saas,7.4999018395096595
round,11.577286167539693
dentsu,8.806326867060346
behaviour,4.227072174474492
advancing,7.6022068844044215
adwords,4.102133437866192
curious,7.325601488071858
profitable,8.010446849716272
matchmosaic,4.403163433530173
sum,4.403163433530173
able,91.57001860089822
ecommerce/affiliate,4.403163433530173
truth,3.9260421788105107
tools,179.47723645776054
deliverables,25.639605208251503
ms,58.604811904574866
uniquely,4.005223424858136
mail,3.8011034422022107
enablement,3.8011034422022107
queries/stored,4.403163433530173
equipped,4.403163433530173
scientists,18.520967145970772
ethic,3.8011034422022107
dissemination,4.005223424858136
conduct,18.314003720179645
futurewe,4.403163433530173
story,3.662800744035929
utilized,7.408386858388309
alignment,3.7499509197548297
agencies/brands,4.403163433530173
*applicants,4.227072174474492
shanghai,8.806326867060346
model,36.62800744035929
scheduledriven,4.403163433530173
preliminary,3.8590953891798976
kept,11.778126536431532
architectures,11.403310326606633
bothered,4.403163433530173
closely,32.965206696323364
nowdentsu,4.403163433530173
countifs,4.403163433530173
brews,4.403163433530173
cdmp,4.227072174474492
educational,7.4999018395096595
migration,21.976804464215576
periodic,3.8011034422022107
making,25.639605208251503
investment,18.520967145970772
who's,8.806326867060346
introlligent,4.403163433530173
expertise,62.26761264861079
interdependencies,4.102133437866192
b,3.9260421788105107
monday,10.988402232107788
degree/advanced,4.403163433530173
defaults,4.227072174474492
battery,4.102133437866192
formed,7.852084357621021
changes,10.988402232107788
cohort,7.6022068844044215
ensure,76.91881562475452
jacksonville,4.005223424858136
tool,14.651202976143717
lunches,7.6022068844044215
segmentbysegment,8.806326867060346
following,29.302405952287433
focus,21.976804464215576
solving/critical,8.010446849716272
recognized,3.7041934291941545
matched,8.010446849716272
operational,21.976804464215576
workload,3.7499509197548297
timely,7.325601488071858
#indcompany,4.403163433530173
respond,3.662800744035929
appropriate,21.976804464215576
share,7.325601488071858
innovation,18.314003720179645
consideredpeople,4.403163433530173
tens,4.227072174474492
structures,7.325601488071858
demographics,4.102133437866192
effectively,62.26761264861079
throughout,7.325601488071858
k,32.965206696323364
toward,7.325601488071858
representations,3.9260421788105107
exhaustive,3.8590953891798976
deriving,3.9260421788105107
reopen,4.005223424858136
talented,3.662800744035929
searchers,8.806326867060346
platforms,21.976804464215576
spark,3.7041934291941545
implied,4.403163433530173
structured,10.988402232107788
stateoftheart,3.8011034422022107
standout,4.403163433530173
helping,36.62800744035929
interpret,10.988402232107788
cashback,4.403163433530173
someone,10.988402232107788
seamless,7.4999018395096595
choices,4.005223424858136
biggest,11.778126536431532
typically,3.7499509197548297
network,36.62800744035929
principle,3.9260421788105107
perspective,7.408386858388309
playbook,8.806326867060346
submitted,7.408386858388309
customizable,8.454144348948985
stations,4.403163433530173
troubleshoot,25.639605208251503
house,3.9260421788105107
entrepreneurs,15.704168715242043
quadrants,4.227072174474492
omnichannel,3.9260421788105107
mathematics,47.61640967246708
degreecompany,4.403163433530173
evolving,21.976804464215576
richardson,4.227072174474492
software/computer,4.403163433530173
amplitude,3.9260421788105107
collecting,3.662800744035929
seasoned,8.010446849716272
campaign/dmp,4.403163433530173
acclaimed,4.403163433530173
doingtech,8.806326867060346
uplifting,4.403163433530173
affinity,4.403163433530173
infrastructure,7.325601488071858
chronicle,8.806326867060346
mailing,3.9260421788105107
profile,11.112580287582464
developing,54.94201116053894
demanding,3.662800744035929
difference,3.7499509197548297
responses,7.4999018395096595
merit,3.8011034422022107
resultoriented,4.102133437866192
glassdoor,3.9260421788105107
twothirds,4.403163433530173
strategically,7.6022068844044215
standardized,3.7041934291941545
existence,4.227072174474492
forecasting,11.112580287582464
insatiable,4.227072174474492
values,25.639605208251503
stem,3.9260421788105107
augment,3.9260421788105107
shop,8.010446849716272
levels,32.965206696323364
administration,7.408386858388309
indepth,3.662800744035929
home,32.965206696323364
unique,36.62800744035929
great,32.965206696323364
abs,16.408533751464766
maternity/paternity,4.227072174474492
prior,3.662800744035929
houston,3.8590953891798976
smart,33.33774086274739
offering,14.651202976143717
programmatic,8.204266875732383
absolutely,3.9260421788105107
comprehensive,14.651202976143717
fastest,11.403310326606633
perfecting,4.403163433530173
engineering/analysis*,4.403163433530173
benefits*,7.852084357621021
disciplines,14.651202976143717
affiliate,4.403163433530173
socially,4.403163433530173
upandcoming,4.403163433530173
normalization,3.8011034422022107
women,11.112580287582464
businesses,51.279210416503005
risks,3.662800744035929
contributing,7.408386858388309
concentrating,8.204266875732383
pandas,3.8011034422022107
pyspark,7.718190778359795
separate,8.010446849716272
pride,3.662800744035929
pressure,7.4999018395096595
real,14.651202976143717
dates,4.005223424858136
reportsâ·,4.403163433530173
recommend,22.225160575164928
acquire,7.4999018395096595
sachin,4.102133437866192
missionvistrada,4.403163433530173
preferably,14.651202976143717
needs,106.22122157704194
massive,3.8590953891798976
participate,14.651202976143717
ãdata,4.227072174474492
vendors,3.7041934291941545
eeo,14.651202976143717
unix,3.7041934291941545
centric,3.8590953891798976
win,7.852084357621021
fast,18.314003720179645
metering,8.454144348948985
implementation,43.95360892843115
option,3.7041934291941545
qa/testing,4.403163433530173
devices,11.112580287582464
script,3.8590953891798976
learning*,4.403163433530173
virtual,7.4999018395096595
latest,18.314003720179645
inevitableâ,4.403163433530173
channel,3.8011034422022107
employer,25.639605208251503
businessresponsibilities*,4.227072174474492
electric,4.005223424858136
confirmation,4.102133437866192
accessing,3.9260421788105107
internet,7.408386858388309
setting,7.408386858388309
group,73.25601488071858
industries,7.4999018395096595
discipline,18.314003720179645
naturally,12.015670274574408
infotree,13.209490300590518
architect,3.662800744035929
consultation/collaboration,8.010446849716272
surface,10.988402232107788
additional,25.639605208251503
septa,4.227072174474492
strive,14.816773716776618
query,18.314003720179645
challenging,7.325601488071858
analyst,285.69845803480246
ff,4.227072174474492
duration,22.806620653213265
controls,3.662800744035929
yearstm,4.403163433530173
solid,32.965206696323364
strides,8.806326867060346
family,14.651202976143717
application,29.302405952287433
cities,11.403310326606633
allowing,8.010446849716272
tingly,4.403163433530173
âoptoutâ,4.403163433530173
gaps,3.7041934291941545
reporting*,3.8590953891798976
hardware,11.249852759264488
autonomously,7.718190778359795
interpretable,4.227072174474492
powerbi,3.7499509197548297
generated,3.8011034422022107
differences,7.718190778359795
awesome,3.8590953891798976
hyperfocused,4.403163433530173
pto,14.651202976143717
classification,3.7041934291941545
capability,3.7041934291941545
extract,18.314003720179645
ip,3.9260421788105107
roledata,4.403163433530173
numbers,14.816773716776618
faster,11.778126536431532
detail,25.639605208251503
gis/spatial,4.403163433530173
exposure,18.314003720179645
entrepreneurial,18.74975459877415
new,223.4308453861917
incredible,7.718190778359795
storage,7.325601488071858
progressive,7.4999018395096595
manner,14.651202976143717
open,18.314003720179645
deck,4.102133437866192
top,18.314003720179645
vlookups,3.9260421788105107
clear,25.639605208251503
commuter,7.718190778359795
leverages,3.9260421788105107
outliers,4.005223424858136
predisposed,4.403163433530173
candidate,73.25601488071858
rooted,4.102133437866192
raised,3.9260421788105107
geospatial,3.9260421788105107
media*,4.403163433530173
quickly,36.62800744035929
qualities,3.8011034422022107
validity,3.7499509197548297
independent,22.225160575164928
modeling,51.279210416503005
onthe,4.403163433530173
western,4.005223424858136
https//jobsbtginccom,4.403163433530173
https//hubsly/hnmhdtjob,4.403163433530173
name,3.662800744035929
offered,3.662800744035929
donations,4.403163433530173
sounds,3.7499509197548297
investigative,3.8011034422022107
according,32.965206696323364
sales,40.29080818439522
hubs,8.454144348948985
nation's,7.852084357621021
statistics,69.59321413668265
enhance,21.976804464215576
youâre,7.325601488071858
extensive,25.639605208251503
la,3.8590953891798976
cognos,7.4999018395096595
amped,4.403163433530173
employee,14.651202976143717
companymatched,4.403163433530173
fully,40.29080818439522
clients*,4.005223424858136
firms,3.8011034422022107
dmp,4.403163433530173
concisely,3.9260421788105107
automation,58.604811904574866
databases,51.279210416503005
richards,4.403163433530173
bonus,18.314003720179645
languages,25.639605208251503
noise,3.8011034422022107
critical,43.95360892843115
modifications,3.8590953891798976
eligibility,3.7041934291941545
denodo,4.227072174474492
bg,4.403163433530173
shines,8.806326867060346
normalized,4.102133437866192
dig,4.005223424858136
streamline,7.408386858388309
organize,10.988402232107788
francisco,14.816773716776618
find,43.95360892843115
fraud,7.408386858388309
projections,7.718190778359795
assistant,26.249656438283807
pension,7.718190778359795
eye,7.408386858388309
artificial,7.408386858388309
community,32.965206696323364
practical,11.112580287582464
perspectives,3.662800744035929
branding,16.408533751464766
domestic,7.6022068844044215
exercises,3.8011034422022107
warehousing,3.662800744035929
successful,25.639605208251503
completely,7.852084357621021
page,7.6022068844044215
emerging,10.988402232107788
targeting,4.005223424858136
efforts,32.965206696323364
lead/,4.403163433530173
pursuit,4.005223424858136
supervisory,3.8011034422022107
impacts,3.7041934291941545
far,8.010446849716272
owned,3.662800744035929
unprecedented,3.8590953891798976
pricing,3.662800744035929
volumes,3.7041934291941545
frequently,14.651202976143717
title,11.112580287582464
digital/social,4.403163433530173
engage,14.651202976143717
geographic,15.704168715242043
rigor,7.718190778359795
wellrespected,8.454144348948985
dba,4.005223424858136
goals,36.62800744035929
automating,22.499705518528977
info,14.999803679019319
match,29.302405952287433
smarter,3.8590953891798976
important,18.314003720179645
iot,24.031340549148815
salary,32.965206696323364
python,87.9072178568623
regard,10.988402232107788
creative,43.95360892843115
stands,8.454144348948985
harness,8.204266875732383
customercentric,4.005223424858136
overview,10.988402232107788
yes,3.8011034422022107
proud,7.325601488071858
searching,11.577286167539693
signed,4.102133437866192
inside,11.403310326606633
studio,7.325601488071858
professionally,3.7499509197548297
contributions,7.6022068844044215
has/have,4.403163433530173
careers,3.7041934291941545
countless,8.204266875732383
contact,14.651202976143717
accessible,3.662800744035929
pig,7.718190778359795
flat,7.718190778359795
report,14.651202976143717
$k/year,4.403163433530173
replaced,4.227072174474492
crunching,4.227072174474492
inspiring,3.9260421788105107
magazine,12.015670274574408
plm,4.005223424858136
influence's,8.806326867060346
profit,4.005223424858136
cuttingedge,11.403310326606633
lot,3.7499509197548297
storyteller,3.8590953891798976
featuring,4.227072174474492
croix,4.403163433530173
estimations,4.403163433530173
partnering,3.7041934291941545
success,58.604811904574866
seattle,3.9260421788105107
operate,10.988402232107788
priorities,10.988402232107788
structure,21.976804464215576
recommending,3.8011034422022107
times,14.651202976143717
ranked,3.7041934291941545
cause,3.662800744035929
linear,3.9260421788105107
senior,84.24441711282637
intended,11.249852759264488
semiconductor,4.227072174474492
everyoneâs,4.005223424858136
realtime,14.651202976143717
kind,3.662800744035929
physicians,3.9260421788105107
departments,10.988402232107788
campaignresultsdriven,8.806326867060346
usa,3.8011034422022107
pay,18.314003720179645
timeframes,4.227072174474492
fsas,4.403163433530173
measurement,25.639605208251503
interest,14.651202976143717
skillset,3.8590953891798976
opportunities/,4.403163433530173
running,3.7041934291941545
pivot,14.816773716776618
insights,223.4308453861917
methodologies,40.29080818439522
equitable,4.227072174474492
preferable,3.8011034422022107
professionals,14.651202976143717
defining,7.325601488071858
improvements,14.651202976143717
profitability,14.999803679019319
asking,7.718190778359795
contributed,8.454144348948985
thousands,15.43638155671959
circulation,4.403163433530173
removal,4.005223424858136
assurance,3.662800744035929
solve,62.26761264861079
experiments,7.325601488071858
exceptional,10.988402232107788
unusual,4.102133437866192
states,21.976804464215576
inmarket,8.454144348948985
emmys,4.403163433530173
awards,11.577286167539693
bi/google,8.806326867060346
reconciliation,7.325601488071858
quinstreet's,8.806326867060346
creed,3.662800744035929
segmentation,29.302405952287433
entire,7.408386858388309
around,25.639605208251503
reliability,3.662800744035929
aggregate,11.112580287582464
chapter,4.227072174474492
evaluation,7.325601488071858
numerous,11.577286167539693
telling,3.7499509197548297
nsg,4.403163433530173
airflow,7.6022068844044215
nespresso,4.403163433530173
blink,4.403163433530173
rapidly,7.325601488071858
define,7.325601488071858
extracts,3.8590953891798976
goal,7.325601488071858
reproducible,4.227072174474492
unforgettable,4.403163433530173
sessions,18.314003720179645
tight,7.4999018395096595
audits,18.314003720179645
predisposing,4.403163433530173
organizationsthe,4.403163433530173
release,3.8011034422022107
fixes,3.9260421788105107
robust,11.249852759264488
discrimination,3.7041934291941545
remain,3.8590953891798976
magic,4.227072174474492
fashion,11.577286167539693
iccp,4.403163433530173
immersed,4.227072174474492
enlightening,4.403163433530173
masters,3.7041934291941545
undergraduate,3.7041934291941545
rigorous,7.718190778359795
differentiator,8.454144348948985
servicing,3.8590953891798976
headquarters,3.8011034422022107
term,3.662800744035929
highperformance,3.8590953891798976
multidisciplinary,7.6022068844044215
support,113.5468230651138
unstructured,3.662800744035929
forprofit,4.227072174474492
testing,76.91881562475452
patterns,14.651202976143717
reporting,186.80283794583238
include,32.965206696323364
procedure,3.662800744035929
relentless,3.7499509197548297
consumer,29.302405952287433
highly,47.61640967246708
mongodb,3.8590953891798976
command,3.7041934291941545
companyrecognized,4.403163433530173
power,43.95360892843115
missions,3.8590953891798976
basics,4.005223424858136
programmer,3.8590953891798976
analysts,25.639605208251503
transportation,3.7041934291941545
nutrition,4.102133437866192
valuable,14.651202976143717
ecommerce,7.4999018395096595
focuses,7.6022068844044215
directly,29.302405952287433
consideration,10.988402232107788
cleanse,3.9260421788105107
datarelated,3.7499509197548297
range,21.976804464215576
capabilities,29.302405952287433
take,47.61640967246708
appealing,4.227072174474492
functions,40.29080818439522
foundations,7.852084357621021
deploys,3.8011034422022107
optimizing,18.314003720179645
learning,65.93041339264673
wellnessã¢,4.403163433530173
working,230.75644687426353
x,7.718190778359795
fieldapplicants,4.403163433530173
presidents',4.403163433530173
spending,3.7041934291941545
upon,10.988402232107788
objectives,21.976804464215576
diagram,3.9260421788105107
lawjob,4.005223424858136
models,51.279210416503005
channelcovid,4.403163433530173
snowflakewhat,4.403163433530173
timelines,7.408386858388309
file,11.112580287582464
confluence,3.8590953891798976
alert,7.852084357621021
sources*,4.005223424858136
coding,10.988402232107788
integral,3.7041934291941545
download,3.8590953891798976
government,7.325601488071858
computing,10.988402232107788
internal,117.20962380914973
disparate,7.325601488071858
prescribed,4.227072174474492
contributor,3.7041934291941545
identity/transgender,4.403163433530173
optical,4.227072174474492
demand,7.325601488071858
circumstances,4.403163433530173
tsql/pl,8.204266875732383
already,7.4999018395096595
cv,4.005223424858136
contacts,3.8011034422022107
analysis*,3.8011034422022107
plans,14.651202976143717
handson,18.314003720179645
approaches,25.639605208251503
apiã¢s,4.403163433530173
trivia,4.403163433530173
affairs,8.010446849716272
estimates,7.4999018395096595
materials,3.662800744035929
permanentthis,4.403163433530173
methods*,8.806326867060346
record,14.651202976143717
send,10.988402232107788
âsmart,4.403163433530173
areas,10.988402232107788
communicating,40.29080818439522
teammates,7.408386858388309
importantly,11.577286167539693
ambiguous,3.7499509197548297
driving,10.988402232107788
cloudbased,15.43638155671959
today's,4.102133437866192
equally,4.102133437866192
reopened,4.005223424858136
think,7.325601488071858
occasionally,7.408386858388309
diagnostics,8.010446849716272
resulted,4.227072174474492
stacks,7.6022068844044215
ergo,4.403163433530173
ranging,3.8011034422022107
data,1725.1791504409227
sisense,4.102133437866192
environmental,21.976804464215576
experts,14.651202976143717
known's,4.403163433530173
forwardthinking,4.005223424858136
join,69.59321413668265
trying,3.9260421788105107
peer,3.9260421788105107
experiential,12.681216523423476
stores,3.8590953891798976
ventures,7.718190778359795
joining,7.325601488071858
identification,7.408386858388309
involved,3.662800744035929
foundation,7.325601488071858
payment,3.8011034422022107
driver,3.8590953891798976
limited,25.639605208251503
individuals,10.988402232107788
position,84.24441711282637
refreshing,4.227072174474492
highquality,3.662800744035929
pioneer,12.015670274574408
suggest,3.7499509197548297
happen,7.408386858388309
helsinki,8.806326867060346
completeness,3.7041934291941545
enable,21.976804464215576
manipulation,14.651202976143717
consistently,3.7041934291941545
approval,3.7041934291941545
lists,7.4999018395096595
kjob,4.403163433530173
safety,7.4999018395096595
intelligently,8.454144348948985
threesided,4.403163433530173
kpiâs,3.9260421788105107
provider,3.662800744035929
hr,3.662800744035929
york,18.314003720179645
validating,7.325601488071858
planning,47.61640967246708
ssis,11.403310326606633
business/company,4.403163433530173
explore,14.651202976143717
efficiently,11.112580287582464
clients,245.40764985040724
ability,263.7216535705869
investigation,7.325601488071858
covidjob,4.005223424858136
ann,4.403163433530173
strategists,4.227072174474492
powering,12.015670274574408
calibrate,8.806326867060346
proof,7.718190778359795
salesforce,14.816773716776618
cross,7.325601488071858
cucumber,8.454144348948985
responsibilities*,7.6022068844044215
passionate,29.302405952287433
chart,15.43638155671959
fastpaced,47.61640967246708
supply,3.7041934291941545
protocols,3.7499509197548297
four,3.662800744035929
supports,3.662800744035929
friday,3.662800744035929
manu,4.403163433530173
problemsolving,32.965206696323364
verbal,51.279210416503005
excited,3.7499509197548297
analysis/engineeringrequired,4.403163433530173
implement,18.314003720179645
critically,3.7499509197548297
ideas,32.965206696323364
deep,29.302405952287433
three,7.325601488071858
automated,29.302405952287433
scanned,4.227072174474492
creek,4.227072174474492
pinpoint,8.454144348948985
computational,4.005223424858136
collaboratively,18.520967145970772
diversified,3.8590953891798976
space,3.7499509197548297
keenly,4.403163433530173
uncover,3.7041934291941545
technologies,54.94201116053894
archiving,3.9260421788105107
descriptionan,4.403163433530173
variable,7.852084357621021
checks,3.8011034422022107
â,43.95360892843115
performed,11.112580287582464
affect,3.8590953891798976
cultivate,7.6022068844044215
clientmatch,4.403163433530173
behind,18.520967145970772
third,18.314003720179645
actively,3.662800744035929
united,29.302405952287433
venky@infotreeglobalcom,8.806326867060346
hard,10.988402232107788
%,58.604811904574866
operation,7.325601488071858
verification,3.7499509197548297
efficient,18.314003720179645
pull,11.577286167539693
dataframes,4.403163433530173
inquisitive,7.6022068844044215
ups,4.227072174474492
enrichment,3.8590953891798976
gain,7.325601488071858
lions,8.806326867060346
delivers,3.662800744035929
austin,3.7499509197548297
extra,11.403310326606633
wait,8.204266875732383
prioritization,3.7499509197548297
envelope,4.227072174474492
partnership,7.325601488071858
presort,8.806326867060346
iidc,4.403163433530173
options,3.662800744035929
pretax,7.852084357621021
opportunities,69.59321413668265
integration,7.325601488071858
substances,4.227072174474492
thrown,8.806326867060346
general,7.325601488071858
several,3.7499509197548297
residents,3.9260421788105107
like,73.25601488071858
daily,40.29080818439522
green,3.8011034422022107
nuance,8.454144348948985
quo,3.8590953891798976
nearly,3.8011034422022107
web,32.965206696323364
speakers,4.403163433530173
proximity,4.403163433530173
ground,3.7041934291941545
hoc,32.965206696323364
resourceful,3.9260421788105107
perform,32.965206696323364
lineage,7.6022068844044215
accomplish,7.4999018395096595
believes,11.403310326606633
ppo,8.806326867060346
crossplatform,4.227072174474492
convenience,4.227072174474492
since,7.325601488071858
blend,3.7499509197548297
autonomous,4.102133437866192
facing*,8.806326867060346
organizations,3.662800744035929
bachelorâs,29.302405952287433
engines,7.852084357621021
law,7.325601488071858
favorite,4.102133437866192
challenges,47.61640967246708
files,7.408386858388309
aws*,4.227072174474492
many,25.639605208251503
apis,14.816773716776618
tailored,3.9260421788105107
electronics,3.8011034422022107
expressed,8.806326867060346
quantitative,54.94201116053894
identify,73.25601488071858
works,10.988402232107788
audit,3.7041934291941545
statistics/mathematics,4.403163433530173
aws/s,4.403163433530173
reports/dashboards,4.102133437866192
app,14.816773716776618
proactively,7.325601488071858
los,3.7041934291941545
integrated,7.325601488071858
others',4.403163433530173
even,7.408386858388309
hypothesis,11.778126536431532
conceptualizing,4.403163433530173
urban,3.9260421788105107
bi,62.26761264861079
enables,7.408386858388309
snowflake*,4.403163433530173
asset,11.112580287582464
intrinsically,8.454144348948985
fraction,4.227072174474492
jazzhr,3.8590953891798976
bachelorã¢s,4.227072174474492
experience,692.2693406227907
initial,11.403310326606633
supplied,8.454144348948985
mdg,4.102133437866192
additionally,3.662800744035929
baseline,3.8590953891798976
founded,3.662800744035929
king,4.227072174474492
measuring,11.249852759264488
outstanding,14.651202976143717
related,117.20962380914973
hands,10.988402232107788
billing,11.403310326606633
clearly,10.988402232107788
resource,3.7041934291941545
casualty,3.9260421788105107
demonstrate,10.988402232107788
worldâs,7.325601488071858
citizens,3.8011034422022107
demonstration,4.005223424858136
advantages,7.852084357621021
big,62.26761264861079
collaborative,40.29080818439522
gender,51.279210416503005
downtown,7.4999018395096595
conglomerate,4.227072174474492
collaborating,10.988402232107788
certification,11.112580287582464
workloads,3.8590953891798976
established,7.325601488071858
sequence,4.403163433530173
accountable,7.408386858388309
assorted,8.010446849716272
device,14.999803679019319
ca,10.988402232107788
metric,7.325601488071858
associates,29.999607358038638
buying,16.408533751464766
innovate,3.7041934291941545
solutionsrespond,4.403163433530173
visually,7.852084357621021
we're,7.325601488071858
floors,4.403163433530173
clients/brands,4.403163433530173
give,11.112580287582464
chispa,8.806326867060346
independently,14.651202976143717
thinker,11.112580287582464
sincere,4.227072174474492
shifting,3.9260421788105107
print,12.015670274574408
evangelize,3.9260421788105107
surveys,3.7499509197548297
responsible,73.25601488071858
extraordinarily,8.806326867060346
profitably,4.403163433530173
providers,7.325601488071858
automate,7.325601488071858
developers,3.662800744035929
sponsor,3.7041934291941545
solver,3.7499509197548297
pool,4.102133437866192
relationship,10.988402232107788
continuous,21.976804464215576
retrieval,7.718190778359795
return,3.7041934291941545
specialists,3.8011034422022107
/ccpa,4.403163433530173
experiencewe,4.102133437866192
authentic,3.9260421788105107
line,3.662800744035929
empowers,3.8011034422022107
reports,157.50043199354496
members,51.279210416503005
scripting,18.314003720179645
identity,36.62800744035929
providing,36.62800744035929
medium,3.8011034422022107
usage,7.325601488071858
back,7.325601488071858
clientsqualifications*,4.403163433530173
operations,25.639605208251503
we've,11.249852759264488
campaigns,29.302405952287433
source,25.639605208251503
firm,3.662800744035929
extend,4.005223424858136
colleagues,14.651202976143717
decision,29.302405952287433
stock,3.7041934291941545
activation,3.9260421788105107
added,11.403310326606633
race,40.29080818439522
answer,14.651202976143717
individual/business,4.403163433530173
situations,7.6022068844044215
versions,4.227072174474492
discover,7.408386858388309
insurance,40.29080818439522
analyze,98.89562008897009
everyday,3.9260421788105107
natype,4.403163433530173
enhancement,3.7499509197548297
youã¢ll,4.403163433530173
crossdiscipline,8.806326867060346
concepts,36.62800744035929
right,14.651202976143717
digging,7.6022068844044215
catered,7.6022068844044215
discretion,3.8011034422022107
similar,14.651202976143717
proficiency,40.29080818439522
collibra,3.8590953891798976
leverage,10.988402232107788
timeline,3.9260421788105107
manage,54.94201116053894
well,69.59321413668265
efficiency,29.302405952287433
along,14.651202976143717
correspond,4.227072174474492
vast,3.8590953891798976
aspect,3.9260421788105107
modeling/query,4.403163433530173
parties,10.988402232107788
serve,7.325601488071858
measurability,8.806326867060346
cycle,7.325601488071858
collective,11.778126536431532
end,25.639605208251503
integrate,7.408386858388309
improve,36.62800744035929
interested,10.988402232107788
pleasei'm,4.403163433530173
taken,3.9260421788105107
captiva,4.403163433530173
set,36.62800744035929
measurements,3.8011034422022107
composite,4.403163433530173
listed,7.325601488071858
types,10.988402232107788
read,3.8011034422022107
quality,51.279210416503005
available,18.314003720179645
nonexistent,4.403163433530173
offline,19.630210894052553
subscribers,8.454144348948985
water,7.852084357621021
cloudera,3.9260421788105107
empathetic,8.010446849716272
medical/,4.403163433530173
thinks,7.852084357621021
membership,11.249852759264488
takes,3.8011034422022107
sample,3.8590953891798976
*note,4.403163433530173
integrity,10.988402232107788
desired,3.662800744035929
redundant,3.9260421788105107
dataset,7.6022068844044215
longterm,7.325601488071858
thanksgiving,4.403163433530173
domain,10.988402232107788
martin,4.403163433530173
bachelors,14.651202976143717
concept,14.651202976143717
foresight,4.403163433530173
decades,4.005223424858136
reserves,4.102133437866192
+,194.12843943390425
brightest,7.852084357621021
sustainable,7.408386858388309
dress,4.005223424858136
hazardous,4.227072174474492
looking,109.88402232107788
reputed,4.403163433530173
analyzing,40.29080818439522
motivated,3.662800744035929
cosmopolitan,4.403163433530173
visas,3.8011034422022107
bi/report,4.403163433530173
scorecard,3.8590953891798976
architecture,25.639605208251503
priority,3.662800744035929
requiring,11.112580287582464
carrying,3.9260421788105107
inhouse,3.8011034422022107
never,3.8011034422022107
employees,40.29080818439522
arbor,4.403163433530173
ad,76.91881562475452
access,25.639605208251503
sap,3.7499509197548297
offers,18.314003720179645
huge,3.8011034422022107
compensation,10.988402232107788
oral,21.976804464215576
salary*,4.403163433530173
something,3.7499509197548297
roi*,4.403163433530173
strengthening,8.010446849716272
empower,3.7041934291941545
informed,3.7499509197548297
without,10.988402232107788
fluid,4.005223424858136
recognizing,4.227072174474492
crossdepartmental,4.005223424858136
minimum,32.965206696323364
espn,4.227072174474492
analyses,40.29080818439522
control,7.325601488071858
mountain,3.8590953891798976
america,14.816773716776618
experienced,7.325601488071858
server,18.314003720179645
existing,43.95360892843115
graphs,3.7499509197548297
datadriven,29.302405952287433
institute,3.8590953891798976
point,7.325601488071858
leave,7.408386858388309
onsite,11.112580287582464
project,91.57001860089822
sciences/engineering/,4.403163433530173
beautiful,4.005223424858136
clientspecific,4.227072174474492
english,7.325601488071858
thermostats,4.227072174474492
lights,4.102133437866192
complexities,7.718190778359795
shopping,28.036563974006953
thrive,18.520967145970772
delivering,10.988402232107788
accounts,3.662800744035929
construed,4.005223424858136
complex,76.91881562475452
discounts*,4.403163433530173
assign,3.9260421788105107
sc,4.102133437866192
unexpected,3.9260421788105107
analytically,3.7499509197548297
expertisesalesforce,4.403163433530173
accommodations,3.662800744035929
youâve,3.9260421788105107
holders,3.8011034422022107
college,7.408386858388309
nations,4.102133437866192
deeper,3.8011034422022107
giants,4.227072174474492
datacentric,3.9260421788105107
external,43.95360892843115
awardwinning,7.4999018395096595
onboarding,3.7041934291941545
going,7.4999018395096595
genuine,8.010446849716272
foresightâs,4.403163433530173
promote,10.988402232107788
producing,3.7499509197548297
global,54.94201116053894
consumerpackaged,4.227072174474492
fuel,3.9260421788105107
projects,91.57001860089822
another,3.662800744035929
intelligence,65.93041339264673
prediction,3.8590953891798976
design/improve,4.403163433530173
guidelinesjob,4.403163433530173
outputs,3.8011034422022107
dogfriendly,8.010446849716272
userdefined,8.806326867060346
outside,21.976804464215576
groups,14.651202976143717
results,95.23281934493416
tell,7.325601488071858
workplace,7.325601488071858
pricing*,4.403163433530173
promax,4.403163433530173
teradata,3.7499509197548297
matching*,4.102133437866192
import,3.8011034422022107
candidates,43.95360892843115
conversion,11.112580287582464
business,542.0945101173176
written,69.59321413668265
stata,3.8011034422022107
cs,3.9260421788105107
integrating,18.74975459877415
demands,7.325601488071858
guidelinesdoes,4.403163433530173
hosting,8.204266875732383
likeminded,4.227072174474492
kumar,4.102133437866192
correlated,4.227072174474492
consultative,3.7499509197548297
microsoft,25.639605208251503
technology,106.22122157704194
center,40.29080818439522
built,25.639605208251503
jazzhrjob,8.010446849716272
day,58.604811904574866
requirements,197.79124017794018
methods,36.62800744035929
service,40.29080818439522
presenting,14.816773716776618
news,3.8011034422022107
techdrivendirecttoconsumer,4.403163433530173
creates,3.662800744035929
increase,10.988402232107788
assemble,3.9260421788105107
apply,29.302405952287433
care,40.29080818439522
transformations,3.8011034422022107
laws,3.662800744035929
filenet,4.403163433530173
underrepresented,4.227072174474492
recruitment's,4.403163433530173
inspire,15.43638155671959
highest,3.662800744035929
recovery,3.7041934291941545
sick,7.6022068844044215
executive,10.988402232107788
expert,54.94201116053894
policy,18.314003720179645
enthusiasm,15.204413768808843
age,32.965206696323364
impossible,4.005223424858136
petowners,17.61265373412069
multifamily,4.102133437866192
christmas,4.227072174474492
decade,3.8590953891798976
procurement,7.718190778359795
fruits,4.403163433530173
âconscious,4.403163433530173
revision,4.403163433530173
pipelines,7.325601488071858
taking,14.651202976143717
disclaimer,3.8011034422022107
retailers,7.852084357621021
amazing,7.4999018395096595
metrics,62.26761264861079
pioneered,8.806326867060346
wwwfleishmanhillardcom,4.403163433530173
note,3.662800744035929
span,3.8590953891798976
consistent,18.314003720179645
a+e,4.403163433530173
vacay,4.403163433530173
teamwork,3.7041934291941545
ownership,10.988402232107788
modern,3.7041934291941545
months,22.225160575164928
understand,87.9072178568623
shut,4.403163433530173
cleansing,7.408386858388309
java,7.325601488071858
differentiation,8.806326867060346
expand,7.6022068844044215
employment,47.61640967246708
kitchen,7.718190778359795
rock,4.005223424858136
decisions,32.965206696323364
master,7.325601488071858
testimonials,4.403163433530173
jira,11.112580287582464
subscription,19.005517211011053
suites,4.403163433530173
education/experience,3.9260421788105107
industry's,8.010446849716272
reward,8.010446849716272
peopleâs,3.8590953891798976
prioritize,18.314003720179645
tuning,3.7499509197548297
leveraging,10.988402232107788
would,21.976804464215576
pattern,12.015670274574408
things,18.520967145970772
current,47.61640967246708
researching,3.7041934291941545
field,62.26761264861079
common,21.976804464215576
reputation,3.7041934291941545
pleasea,4.403163433530173
made,3.662800744035929
easy,3.662800744035929
ensuring,10.988402232107788
outsidethebox,3.9260421788105107
visible,7.852084357621021
knowing,7.718190778359795
disruption,4.227072174474492
draw,11.249852759264488
interns,4.227072174474492
luther,4.403163433530173
positivity,8.204266875732383
user,58.604811904574866
offer,29.302405952287433
equivalent,32.965206696323364
creation,40.29080818439522
know,7.325601488071858
innovative,43.95360892843115
village,4.227072174474492
san,25.639605208251503
marketplace,3.8590953891798976
inspect,4.403163433530173
dcg,4.403163433530173
inception,3.8590953891798976
communicator,18.520967145970772
implementations,7.6022068844044215
diversity,14.651202976143717
us,98.89562008897009
promotional,4.227072174474492
statements,7.408386858388309
applicants,18.314003720179645
hire,36.62800744035929
technical,102.55842083300601
schedule,14.816773716776618
wrong,4.403163433530173
campaign,65.93041339264673
respect,7.325601488071858
industry,87.9072178568623
trailblazers,8.806326867060346
veterans,3.7041934291941545
different,47.61640967246708
modeling*,4.227072174474492
land,4.005223424858136
florida,3.8011034422022107
distill,3.8011034422022107
creativeâ,4.403163433530173
regular,10.988402232107788
resolved,3.8590953891798976
reach,14.651202976143717
charter,4.005223424858136
regardless,3.662800744035929
decisive,4.102133437866192
conventions,4.102133437866192
resultsdriven,4.227072174474492
choice,3.7499509197548297
weekly,3.662800744035929
bring,14.651202976143717
change,21.976804464215576
grow,29.302405952287433
facilitating,7.718190778359795
ascertain,8.454144348948985
park,7.718190778359795
sometimes,7.6022068844044215
place,7.408386858388309
maintaining,18.314003720179645
clean,7.325601488071858
age's,4.403163433530173
reference,3.7041934291941545
insights/recommendations,4.403163433530173
sq,4.227072174474492
job,95.23281934493416
enjoyed,4.403163433530173
strong,183.14003720179645
empowerment,4.102133437866192
dollars,16.020893699432545
establish,7.325601488071858
nonprofits,12.015670274574408
oracle,10.988402232107788
bottom,4.102133437866192
play,10.988402232107788
machine,25.639605208251503
singleparentmeet,4.403163433530173
standards,14.651202976143717
units,7.325601488071858
internally,3.662800744035929
fsa,3.8011034422022107
frameworks,25.639605208251503
markets,14.651202976143717
nre,4.403163433530173
cloud,18.314003720179645
insightsdriven,4.403163433530173
interaction,22.225160575164928
components,18.314003720179645
translating,10.988402232107788
based,40.29080818439522
degree,131.86082678529345
count,7.718190778359795
measure,7.325601488071858
political,3.8011034422022107
creatively,7.718190778359795
infotreeâs,4.403163433530173
feels,4.005223424858136
intelligence*,4.227072174474492
enormous,8.454144348948985
privacy/gdpr/ccpa,4.403163433530173
retrieve,3.7499509197548297
spenders,4.403163433530173
âgood,4.403163433530173
implications,7.718190778359795
meaningful,43.95360892843115
restrictions,3.8590953891798976
site,7.325601488071858
qualified,18.314003720179645
controlling,3.8590953891798976
consolidation,3.7499509197548297
eligible,3.7041934291941545
conducting,10.988402232107788
prioritizing,11.403310326606633
live,14.651202976143717
day*,4.403163433530173
targets,3.7041934291941545
proficient,18.314003720179645
vacation/work,4.227072174474492
economic,3.7041934291941545
director,3.7041934291941545
women's,4.102133437866192
offc,4.403163433530173
named,11.112580287582464
operations/it,4.403163433530173
offices,29.302405952287433
middle,3.8011034422022107
blue,8.454144348948985
supportive,3.8011034422022107
dallas,7.4999018395096595
owns,3.8011034422022107
tables,21.976804464215576
retreats,4.403163433530173
affirmative,3.662800744035929
perks,14.816773716776618
*************,4.403163433530173
behavior/changes,4.403163433530173
make,80.58161636879043
opens,8.454144348948985
division,14.999803679019319
guarantee,4.227072174474492
mediums,4.102133437866192
together,40.29080818439522
diego,11.577286167539693
apple,3.8590953891798976
advertisersknowledge,4.403163433530173
develops,7.325601488071858
interrogate,8.204266875732383
nichefocused,4.403163433530173
alone,11.577286167539693
capable,3.7041934291941545
assigned,14.651202976143717
language,10.988402232107788
improved,7.325601488071858
wiki,3.8590953891798976
agility,3.8011034422022107
dependant,4.403163433530173
variety,47.61640967246708
figures,3.9260421788105107
heart,11.112580287582464
ship,3.9260421788105107
ny,7.408386858388309
penthouse,4.403163433530173
categorywe,4.403163433530173
two,14.651202976143717
years',3.7041934291941545
finance,21.976804464215576
case,3.7041934291941545
strategic,62.26761264861079
hellofresh,4.403163433530173
perk,4.102133437866192
discriminate,18.314003720179645
omnicom,30.822144034711208
syracuse,4.102133437866192
legallyrecognized,4.403163433530173
rotating,4.403163433530173
night,4.005223424858136
activity,10.988402232107788
buyergenomics,17.61265373412069
absorb,4.005223424858136
ui,3.8011034422022107
exemplary,4.227072174474492
panoramic,4.403163433530173
generate,7.325601488071858
marketplaces,25.362433046846952
billion,7.408386858388309
phd,3.8011034422022107
companies,36.62800744035929
petcentric,8.806326867060346
willing,3.662800744035929
repeating,8.806326867060346
visa,3.7499509197548297
anticipating,3.9260421788105107
bs,18.520967145970772
benefit,14.651202976143717
trend,3.7041934291941545
exchanges,3.9260421788105107
donation,4.102133437866192
world,21.976804464215576
techniques,69.59321413668265
governance/management,4.102133437866192
requirementsthe,8.806326867060346
outings,4.227072174474492
university,7.408386858388309
nongis/technical,4.403163433530173
policies,14.651202976143717
chemicals,4.102133437866192
consistency,3.662800744035929
local,25.639605208251503
â¦,4.227072174474492
everything,18.314003720179645
type,10.988402232107788
impact,80.58161636879043
easier,3.9260421788105107
former,3.8011034422022107
multiple,84.24441711282637
comfort,3.8011034422022107
humans,8.204266875732383
manipulate,7.408386858388309
flexibility,7.408386858388309
website,14.651202976143717
establishing,7.325601488071858
cloudenabled,4.403163433530173
produce,36.62800744035929
digital,131.86082678529345
sponsorship,22.225160575164928
methodologies/techniques,4.403163433530173
disabilities,7.325601488071858
prweek's,4.403163433530173
products,76.91881562475452
triggers,11.778126536431532
function,7.325601488071858
adapting,3.8590953891798976
develop,168.48883422565274
contracttohire,4.102133437866192
crossgeo,4.403163433530173
articulate,3.662800744035929
mapreduce,3.9260421788105107
familiar,11.112580287582464
roi,22.499705518528977
none,3.8590953891798976
monitor,29.302405952287433
manager,14.651202976143717
society,7.852084357621021
personalized,3.7499509197548297
co,7.408386858388309
extremely,3.7499509197548297
white,3.8590953891798976
flow,11.112580287582464
resources,3.662800744035929
generating,14.816773716776618
meet,43.95360892843115
credit,14.651202976143717
uniqlo,4.403163433530173
continues,3.9260421788105107
documentation,51.279210416503005
requirementscompany,4.227072174474492
compare,7.852084357621021
/year,4.403163433530173
recommendations,69.59321413668265
advertising,46.30914467015877
mine,14.999803679019319
verticals,3.9260421788105107
expression,7.325601488071858
fleishmanhillard,26.418980601181037
employ,3.7041934291941545
agencywide,4.227072174474492
rollout,3.8590953891798976
ai,3.7041934291941545
russian,4.403163433530173
mining,3.662800744035929
categories,3.7041934291941545
heavy,7.852084357621021
crossfunctional,18.314003720179645
tablet,4.005223424858136
changed,4.005223424858136
walking,3.8590953891798976
related*,4.403163433530173
al,4.102133437866192
playbooks,4.403163433530173
dw/edw,8.204266875732383
act,7.325601488071858
multichannel,4.005223424858136
evaluating,3.662800744035929
nothing,8.010446849716272
graph,4.102133437866192
production,18.520967145970772
assignment,3.7041934291941545
life,18.314003720179645
benchmarks,15.204413768808843
traffic,23.154572335079386
platform,65.93041339264673
final,3.662800744035929
smallmedium,4.403163433530173
methods+mastery,17.61265373412069
yet,15.43638155671959
mediaquinstreet,4.403163433530173
call,14.651202976143717
complete,18.314003720179645
sports,3.8590953891798976
exemplify,8.010446849716272
complicated,11.403310326606633
assessment,7.408386858388309
brands,88.90064230065971
collection,25.639605208251503
property,3.8590953891798976
gdpr,8.204266875732383
purpose,11.112580287582464
paths,3.8590953891798976
positively,7.718190778359795
search,10.988402232107788
review,10.988402232107788
databricks,8.204266875732383
gap,3.662800744035929
aidriven,8.806326867060346
airflow*,8.806326867060346
collaborate,32.965206696323364
main,3.7041934291941545
knowledged,4.403163433530173
thinking,32.965206696323364
moscow,8.806326867060346
passion,54.94201116053894
analytics,230.75644687426353
number,7.408386858388309
least,29.302405952287433
sopâs,4.102133437866192
moment,8.204266875732383
nonnre,4.403163433530173
interactions,7.4999018395096595
selfstarter,18.314003720179645
relating,7.6022068844044215
exploration,3.7041934291941545
bar,11.577286167539693
dimensional,3.8590953891798976
motivate,4.005223424858136
let's,12.306400313598575
mondays,4.227072174474492
carry,3.8011034422022107
north,14.999803679019319
post,3.7499509197548297
long,7.325601488071858
applicant,14.651202976143717
doesnât,3.9260421788105107
designs,7.325601488071858
multitasked,4.227072174474492
angeles,3.7041934291941545
interfacing,3.8011034422022107
bennies,4.403163433530173
locks,4.227072174474492
dynamic,21.976804464215576
martech,4.102133437866192
contract,32.965206696323364
duties,14.651202976143717
bs/ba,7.6022068844044215
devise,11.778126536431532
that's,7.6022068844044215
kinship,61.644288069422416
futurejobspring,4.403163433530173
reviewing,7.4999018395096595
customers',3.9260421788105107
childbirth,3.7041934291941545
marketers,3.8590953891798976
information,109.88402232107788
people,69.59321413668265
selfstarters,8.454144348948985
tests,25.639605208251503
americas,11.403310326606633
ã,3.9260421788105107
thanks,3.9260421788105107
âmake,4.403163433530173
spatial,25.362433046846952
qc,4.005223424858136
building,47.61640967246708
physics,7.4999018395096595
emphasis,10.988402232107788
definitions,3.662800744035929
documentum,4.403163433530173
happy,7.4999018395096595
explicit,4.403163433530173
hub,26.607724095415474
intuitâs,4.403163433530173
qualifications,65.93041339264673
relations,39.260421788105106
api,11.577286167539693
marital,25.639605208251503
enterprise,25.639605208251503
distinct,4.102133437866192
youll,3.8011034422022107
list,29.302405952287433
mars,26.418980601181037
arise,3.7499509197548297
workflows,7.325601488071858
particularly,7.408386858388309
architects,3.7499509197548297
beliefs,4.005223424858136
context,7.408386858388309
industrialstyle,4.403163433530173
popular,15.704168715242043
inform,10.988402232107788
designed,3.662800744035929
locations,3.662800744035929
thursday,8.454144348948985
actionable,32.965206696323364
mba,14.651202976143717
subject,29.302405952287433
imagine,8.454144348948985
capture,21.976804464215576
foster,7.325601488071858
relates,7.4999018395096595
evaluate,10.988402232107788
researches,3.8590953891798976
leaders,10.988402232107788
regularly,3.662800744035929
examine,3.8590953891798976
encourages,7.6022068844044215
meaningan,4.403163433530173
compiling,11.403310326606633
ssas,3.8011034422022107
designing,14.651202976143717
relational,29.302405952287433
social,54.94201116053894
small,3.662800744035929
iab,4.403163433530173
serious,3.9260421788105107
payroll,3.8011034422022107
close,7.408386858388309
engineering,95.23281934493416
tableau,80.58161636879043
reach/frequency,8.806326867060346
tx,7.325601488071858
cpg,12.681216523423476
talent,7.325601488071858
currently,29.302405952287433
see,3.662800744035929
<strong>the,4.403163433530173
jump,3.8590953891798976
formulas,7.408386858388309
resolve,7.325601488071858
health,32.965206696323364
mastry,4.403163433530173
users,47.61640967246708
determination,7.718190778359795
useful,11.112580287582464
first,7.325601488071858
localized,4.403163433530173
party,18.314003720179645
cmi,4.227072174474492
c/b,4.403163433530173
eyes,8.204266875732383
mapping,14.816773716776618
esquire,4.403163433530173
descriptions,4.102133437866192
conclusions,10.988402232107788
premium,7.718190778359795
tableau*,7.852084357621021
feedback,7.325601488071858
thoughtleadership,4.403163433530173
meditation,4.227072174474492
address,10.988402232107788
communications,18.314003720179645
paced,14.651202976143717
sex,25.639605208251503
knock,8.204266875732383
we'd,3.7041934291941545
qtestcompany,4.403163433530173
occasional,7.4999018395096595
factors,3.7041934291941545
previous,3.662800744035929
presentation,18.314003720179645
performance,117.20962380914973
resumes,7.408386858388309
acceptance,11.112580287582464
assessing,7.718190778359795
departmental,3.8011034422022107
overseeing,3.8590953891798976
commitment,7.325601488071858
combine,3.7041934291941545
interim,3.9260421788105107
crm,7.325601488071858
needed,43.95360892843115
apps,7.852084357621021
code,10.988402232107788
remote/workfromhome,4.403163433530173
math,10.988402232107788
continuing,3.662800744035929
shares,3.8011034422022107
color,43.95360892843115
tech,55.562901437912316
department,3.662800744035929
corporation,11.403310326606633
kpis,33.33774086274739
major,18.314003720179645
tooling,3.8011034422022107
productive,3.7499509197548297
motion,12.306400313598575
functional,10.988402232107788
scripts,7.325601488071858
pragmatic,8.010446849716272
relate,14.999803679019319
assignments,10.988402232107788
sustain,3.8011034422022107
enthusiastically,4.403163433530173
experience*,10.988402232107788
culture,32.965206696323364
verbally,3.7499509197548297
sizmek,4.403163433530173
ever,3.8011034422022107
succeed,3.662800744035929
trusted,3.662800744035929
ideal,25.639605208251503
analysing,4.005223424858136
newspapers,4.403163433530173
iterative,3.7499509197548297
requested,7.4999018395096595
entertainment,3.7499509197548297
specifically,10.988402232107788
system,62.26761264861079
processes,80.58161636879043
widen,4.403163433530173
improving,18.520967145970772
portland,8.010446849716272
higher,10.988402232107788
goods,4.102133437866192
experiment,3.9260421788105107
turn,7.325601488071858
team,388.2568788678085
statement,7.325601488071858
lead,21.976804464215576
associate,3.7041934291941545
foundational,11.577286167539693
appreciate,3.8590953891798976
deepen,7.852084357621021
transactions,3.8011034422022107
deadlinedriven,4.005223424858136
penalized,8.806326867060346
want,21.976804464215576
spend,11.249852759264488
boundlessly,8.806326867060346
savings,3.7041934291941545
readiness,7.718190778359795
vba,3.662800744035929
customerrequired,4.403163433530173
central,3.662800744035929
legacy,3.662800744035929
discounts,7.6022068844044215
execute,29.302405952287433
activities,21.976804464215576
using,131.86082678529345
electrical,11.577286167539693
giving,48.15451457952401
mobile,29.633547433553236
dan,4.403163433530173
channels,36.62800744035929
globe,3.662800744035929
seeking,18.314003720179645
ask,11.112580287582464
overall,3.662800744035929
simple,25.639605208251503
rewards,3.7499509197548297
done,7.325601488071858
solving,21.976804464215576
incredibly,12.306400313598575
focusing,3.7499509197548297
companyâs,3.7499509197548297
face,11.577286167539693
retail,7.325601488071858
convey,3.7499509197548297
development,168.48883422565274
illustrate,7.6022068844044215
bsee,4.403163433530173
anchored,4.403163433530173
suburbs,4.227072174474492
accuracy,58.604811904574866
linkedin,3.7041934291941545
azure,11.249852759264488
learnings,3.8590953891798976
approach,43.95360892843115
whole,3.7499509197548297
digiday,4.403163433530173
thorough,7.408386858388309
go,3.662800744035929
klpaschlthe,4.403163433530173
cannes,8.806326867060346
responsibility,14.651202976143717
players,3.8011034422022107
domo,3.9260421788105107
responsiveness,3.9260421788105107
gather,18.314003720179645
bachelor's,21.976804464215576
ba,3.7041934291941545
member's,4.403163433530173
stakeholders,87.9072178568623
thrives,3.8590953891798976
ops,7.718190778359795
scrappy,8.204266875732383
opportunity,113.5468230651138
/oracle/,4.403163433530173
careful,4.102133437866192
aligning,4.005223424858136
proactive,3.7041934291941545
differentiating,8.806326867060346
always,21.976804464215576
addressing,3.662800744035929
obsess,4.227072174474492
qa,40.7461277211357
achieved,3.8011034422022107
raw,7.325601488071858
expansive,8.204266875732383
committees',4.403163433530173
fundamental,3.7041934291941545
consultant,3.7041934291941545
stop,4.005223424858136
secondary,11.249852759264488
referral,3.8011034422022107
multitask,14.651202976143717
detailed,32.965206696323364
inc,18.314003720179645
rate,3.7499509197548297
powerpointjob,4.403163433530173
datawarehouse,7.852084357621021
stay,7.408386858388309
lives,10.988402232107788
depth,3.7041934291941545
construct,3.8011034422022107
visuals,4.102133437866192
skill,18.314003720179645
simultaneously,3.7499509197548297
responsibilities,117.20962380914973
weekends,3.7499509197548297
studio/etc,8.806326867060346
snacks,19.005517211011053
programming,29.302405952287433
initiative,25.639605208251503
offer*,8.204266875732383
ec*,4.403163433530173
believe,36.62800744035929
coordinate,14.651202976143717
collect,14.651202976143717
reasoning,3.8590953891798976
insurance*,4.227072174474492
accommodation,10.988402232107788
package,14.651202976143717
intuitive,3.7499509197548297
looker,30.408827537617686
formulate,3.8011034422022107
bom,4.102133437866192
rapid,7.4999018395096595
aws,29.302405952287433
issue,10.988402232107788
recognition,3.9260421788105107
etl*,8.806326867060346
aim,7.718190778359795
realworld,3.7499509197548297
plan*,8.204266875732383
ach,4.403163433530173
deadline,3.8590953891798976
output,7.408386858388309
visualizations,47.61640967246708
deliver,58.604811904574866
mentors,3.8011034422022107
physical,7.325601488071858
campaign/site,4.403163433530173
planner,4.227072174474492
discrepancies,3.7499509197548297
profession,4.227072174474492
clios,4.403163433530173
fluency,11.249852759264488
winning,7.718190778359795
spectrum,3.7499509197548297
proper,7.408386858388309
dashboard,25.92935400435908
nextgeneration,3.8590953891798976
plus,84.24441711282637
display,3.8011034422022107
advising,4.005223424858136
holidays,7.325601488071858
privatelabel,8.806326867060346
ideally,10.988402232107788
aegis,8.454144348948985
min,4.005223424858136
jr,4.005223424858136
subscriptions,4.102133437866192
others,3.662800744035929
prototypes,3.8590953891798976
updates,14.651202976143717
mathematical,11.112580287582464
skills,362.617273659557
pregnancy,10.988402232107788
card,3.7041934291941545
fedex,4.403163433530173
train,3.7041934291941545
entities,3.8590953891798976
necessary,7.325601488071858
managers,14.651202976143717
defects,3.8590953891798976
lgbtq,4.403163433530173
subqueries,4.227072174474492
launched,3.8590953891798976
reportingdaily,4.403163433530173
standardization,3.8011034422022107
skyscraper,4.403163433530173
hear,3.662800744035929
technical/mathematical,4.403163433530173
company,135.5236275293294
benefits,29.302405952287433
logical,7.325601488071858
worker,4.102133437866192
hired,7.718190778359795
intimate,4.403163433530173
communication,109.88402232107788
intern,4.005223424858136
trust,3.662800744035929
reactive,4.102133437866192
btg,4.403163433530173
relaxed,8.204266875732383
developed,3.7499509197548297
courses,7.852084357621021
series,3.7499509197548297
worldwide,14.816773716776618
destination,3.9260421788105107
questions,21.976804464215576
weã¢re,4.403163433530173
qlik,3.7041934291941545
maximize,7.408386858388309
storing,4.102133437866192
das,4.403163433530173
agency,36.62800744035929
spirit,3.7499509197548297
regional,7.408386858388309
scenario,3.8590953891798976
salesforce/qlikview,4.403163433530173
learns,4.102133437866192
remotely,7.6022068844044215
pledge,8.454144348948985
analytic,21.976804464215576
accurately,3.7041934291941545
quadratic,4.403163433530173
begin,4.005223424858136
billions,11.577286167539693
invoice,4.227072174474492
resultsour,4.403163433530173
spot,4.005223424858136
what's,7.718190778359795
explain,7.325601488071858
signal,4.102133437866192
hr@icgsjcom,4.403163433530173
operates,3.8590953891798976
functionality,14.816773716776618
skillsets,3.9260421788105107
television's,4.403163433530173
level,58.604811904574866
judgment,3.662800744035929
years,230.75644687426353
tsql,18.74975459877415
audiencecentric,4.403163433530173
television,13.209490300590518
chains,4.102133437866192
\,4.403163433530173
fortune,11.112580287582464
condition,3.662800744035929
hand,3.9260421788105107
